"Código";"Seção";"Índice";"Nome";"Guarda no baú";"Vende ao NPC";"Larga no chão";"Troca";"Loja pessoal";"Onde está a trava";"Jogador consegue obter";"Como obtém";"Observação";"Permissões no cliente"
"6695";"13";"39";"Eilte Transfer Skeleton Ring";"Não";"Sim";"Não";"Não";"Não";"baú no cliente";"Sim";"caixa/evento (Lucky Coin 3)";"";"0 0 0 0 1 0 0"
"6699";"13";"43";"Seal of Ascension";"Não";"Não";"Não";"Não";"Não";"baú no cliente, venda no cliente";"Sim";"loja de cash";"Tudo bloqueado no cliente: não sai do inventário";"0 0 0 0 0 0 0"
"6700";"13";"44";"Seal of Wealth";"Não";"Não";"Não";"Não";"Não";"baú no cliente, venda no cliente";"Sim";"loja de cash";"Tudo bloqueado no cliente: não sai do inventário";"0 0 0 0 0 0 0"
"6701";"13";"45";"Seal of Sustenance";"Não";"Não";"Não";"Não";"Não";"baú no cliente, venda no cliente";"Sim";"loja de cash";"Tudo bloqueado no cliente: não sai do inventário";"0 0 0 0 0 0 0"
"6702";"13";"46";"Devil Square Ticket";"Sim";"Não";"Não";"Não";"Não";"venda no cliente";"Sim";"loja de cash";"";"0 0 0 1 0 0 0"
"6703";"13";"47";"Blood Castle Ticket";"Sim";"Não";"Não";"Não";"Não";"venda no cliente";"Sim";"loja de cash";"";"0 0 0 1 0 0 0"
"6704";"13";"48";"Kalima Ticket";"Sim";"Não";"Não";"Não";"Não";"venda no cliente";"Sim";"loja de cash";"";"0 0 0 1 0 0 0"
"6710";"13";"54";"Reset Fruit Strength";"Sim";"Não";"Não";"Não";"Não";"venda no cliente";"Sim";"loja de cash";"";"0 0 0 1 0 0 0"
"6711";"13";"55";"Reset Fruit Quickness";"Sim";"Não";"Não";"Não";"Não";"venda no cliente";"Sim";"loja de cash";"";"0 0 0 1 0 0 0"
"6712";"13";"56";"Reset Fruit Health";"Sim";"Não";"Não";"Não";"Não";"venda no cliente";"Sim";"loja de cash";"";"0 0 0 1 0 0 0"
"6713";"13";"57";"Reset Fruit Energy";"Sim";"Não";"Não";"Não";"Não";"venda no cliente";"Sim";"loja de cash";"";"0 0 0 1 0 0 0"
"6714";"13";"58";"Reset Fruit Control";"Sim";"Não";"Não";"Não";"Não";"venda no cliente";"Sim";"loja de cash";"";"0 0 0 1 0 0 0"
"6717";"13";"61";"Illusion Temple Ticket";"Sim";"Não";"Não";"Não";"Não";"venda no cliente";"Sim";"loja de cash";"";"0 0 0 1 0 0 0"
"6718";"13";"62";"Seal of Healing";"Não";"Não";"Não";"Não";"Não";"baú no cliente, venda no cliente";"Sim";"loja de cash";"Tudo bloqueado no cliente: não sai do inventário";"0 0 0 0 0 0 0"
"6719";"13";"63";"Seal of Divinity";"Não";"Não";"Não";"Não";"Não";"baú no cliente, venda no cliente";"Sim";"loja de cash";"Tudo bloqueado no cliente: não sai do inventário";"0 0 0 0 0 0 0"
"6725";"13";"69";"Talisman of Resurrection";"Sim";"Não";"Não";"Não";"Não";"venda no cliente";"Sim";"loja de cash";"";"0 0 0 1 0 0 0"
"6726";"13";"70";"Talisman of Mobility";"Sim";"Não";"Não";"Não";"Não";"venda no cliente";"Sim";"loja de cash";"";"0 0 0 1 0 0 0"
"6727";"13";"71";"Sword/Mace/Spear";"Não";"Não";"Não";"Não";"Não";"baú no cliente, venda no cliente";"Sim";"loja NPC (Moss Merchant)";"Ícone da aposta do Moss Merchant (provavelmente vira outro item na compra)";"0 0 0 0 0 0 0"
"6728";"13";"72";"Staff";"Não";"Não";"Não";"Não";"Não";"baú no cliente, venda no cliente";"Sim";"loja NPC (Moss Merchant)";"Ícone da aposta do Moss Merchant (provavelmente vira outro item na compra)";"0 0 0 0 0 0 0"
"6729";"13";"73";"Bow/Crossbow";"Não";"Não";"Não";"Não";"Não";"baú no cliente, venda no cliente";"Sim";"loja NPC (Moss Merchant)";"Ícone da aposta do Moss Merchant (provavelmente vira outro item na compra)";"0 0 0 0 0 0 0"
"6730";"13";"74";"Scepter";"Não";"Não";"Não";"Não";"Não";"baú no cliente, venda no cliente";"Sim";"loja NPC (Moss Merchant)";"Ícone da aposta do Moss Merchant (provavelmente vira outro item na compra)";"0 0 0 0 0 0 0"
"6731";"13";"75";"Stick";"Não";"Não";"Não";"Não";"Não";"baú no cliente, venda no cliente";"Sim";"loja NPC (Moss Merchant)";"Ícone da aposta do Moss Merchant (provavelmente vira outro item na compra)";"0 0 0 0 0 0 0"
"6749";"13";"93";"Master Seal of Ascension";"Não";"Não";"Não";"Não";"Não";"baú no cliente, venda no cliente";"Sim";"loja de cash";"Tudo bloqueado no cliente: não sai do inventário";"0 0 0 0 0 0 0"
"6750";"13";"94";"Master Seal of Wealth";"Não";"Não";"Não";"Não";"Não";"baú no cliente, venda no cliente";"Sim";"loja de cash";"Tudo bloqueado no cliente: não sai do inventário";"0 0 0 0 0 0 0"
"6760";"13";"104";"Max AG Boost Aura";"Não";"Não";"Não";"Não";"Não";"baú no cliente, venda no cliente";"Sim";"loja de cash";"Tudo bloqueado no cliente: não sai do inventário";"0 0 0 0 0 0 0"
"6761";"13";"105";"Max SD Boost Aura";"Não";"Não";"Não";"Não";"Não";"baú no cliente, venda no cliente";"Sim";"loja de cash";"Tudo bloqueado no cliente: não sai do inventário";"0 0 0 0 0 0 0"
"6762";"13";"106";"Pet Unicorn";"Sim";"Não";"Não";"Não";"Não";"venda no cliente";"Sim";"loja de cash | loja NPC (Liaman the Barmaid)";"";"0 0 0 1 0 0 0"
"6780";"13";"124";"Paid Channel Access Ticket";"Sim";"Não";"Não";"Não";"Não";"venda no cliente";"Sim";"loja de cash";"";"0 0 0 1 0 0 0"
"6783";"13";"127";"Access Ticket to Varka Map 7";"Sim";"Não";"Não";"Não";"Não";"venda no cliente";"Sim";"loja de cash";"";"0 0 0 1 0 0 0"
"7179";"14";"11";"Box of Luck";"Sim";"Não";"Sim";"Sim";"Sim";"venda no cliente";"Sim";"caixa/evento (Golden Budge Dragon) | caixa/evento (Golden Crust) | caixa/evento (Golden Dark Knight) | caixa/evento (Golden Devil) | caixa/evento (Golden Dragon) | caixa/evento (Golden Goblin) | caixa/evento (Golden Great Dragon) | caixa/evento (Golden Iron Knight) | caixa/evento (Golden Iron Wheel) | caixa/evento (Golden Lizard King) | caixa/evento (Golden Napin) | caixa/evento (Golden Rabbit) | caixa/evento (Golden Satyros) | caixa/evento (Golden Soldier) | caixa/evento (Golden Stone Golem) | caixa/evento (Golden Tantalos) | caixa/evento (Golden Titan) | caixa/evento (Golden Twin Tail) | caixa/evento (Golden Vepar) | caixa/evento (Lord Silvester) | ItemDrop.txt";"";"1 1 1 1 0 0 0"
"7189";"14";"21";"Rena";"Não";"Sim";"Sim";"Não";"Não";"baú no cliente";"Sim";"ItemDrop.txt";"";"1 0 0 0 1 0 0"
"7221";"14";"53";"Talisman of Luck";"Sim";"Não";"Não";"Sim";"Não";"venda no cliente";"Sim";"loja de cash";"";"0 1 0 1 0 0 0"
"7238";"14";"70";"Elite Healing Potion";"Sim";"Não";"Não";"Sim";"Sim";"venda no cliente";"Sim";"caixa/evento (Golden Box) | caixa/evento (Package Box (Mu Chila, issue #29)) | caixa/evento (Silver Box) | loja de cash";"";"0 1 1 1 0 0 0"
"7239";"14";"71";"Elite Mana Potion";"Sim";"Não";"Não";"Sim";"Sim";"venda no cliente";"Sim";"caixa/evento (Golden Box) | caixa/evento (Package Box (Mu Chila, issue #29)) | caixa/evento (Silver Box) | loja de cash";"";"0 1 1 1 0 0 0"
"7240";"14";"72";"Scroll of Quickness";"Não";"Não";"Não";"Não";"Não";"baú no cliente, venda no cliente";"Sim";"loja de cash";"Tudo bloqueado no cliente: não sai do inventário";"0 0 0 0 0 0 0"
"7241";"14";"73";"Scroll of Defense";"Não";"Não";"Não";"Não";"Não";"baú no cliente, venda no cliente";"Sim";"loja de cash";"Tudo bloqueado no cliente: não sai do inventário";"0 0 0 0 0 0 0"
"7242";"14";"74";"Scroll of Wrath";"Não";"Não";"Não";"Não";"Não";"baú no cliente, venda no cliente";"Sim";"loja de cash";"Tudo bloqueado no cliente: não sai do inventário";"0 0 0 0 0 0 0"
"7243";"14";"75";"Scroll of Wizardry";"Não";"Não";"Não";"Não";"Não";"baú no cliente, venda no cliente";"Sim";"loja de cash";"Tudo bloqueado no cliente: não sai do inventário";"0 0 0 0 0 0 0"
"7244";"14";"76";"Scroll of Health";"Não";"Não";"Não";"Não";"Não";"baú no cliente, venda no cliente";"Sim";"loja de cash";"Tudo bloqueado no cliente: não sai do inventário";"0 0 0 0 0 0 0"
"7245";"14";"77";"Scroll of Mana";"Não";"Não";"Não";"Não";"Não";"baú no cliente, venda no cliente";"Sim";"loja de cash";"Tudo bloqueado no cliente: não sai do inventário";"0 0 0 0 0 0 0"
"7257";"14";"89";"Red Cherry Blossom Branch";"Não";"Não";"Não";"Não";"Não";"baú no cliente, venda no cliente";"Sim";"caixa/evento (Cherry Blossom Box)";"Tudo bloqueado no cliente: não sai do inventário";"0 0 0 0 0 0 0"
"7258";"14";"90";"Golden Cherry Blossom Branch";"Não";"Não";"Não";"Não";"Não";"baú no cliente, venda no cliente";"Sim";"caixa/evento (Cherry Blossom Box)";"Tudo bloqueado no cliente: não sai do inventário";"0 0 0 0 0 0 0"
"7259";"14";"91";"Summoner Character Card";"Não";"Não";"Não";"Não";"Não";"baú no cliente, venda no cliente";"Sim";"loja de cash";"Cartão de personagem";"0 0 0 0 0 0 0"
"7264";"14";"96";"Talisman of Chaos Assembly";"Sim";"Não";"Não";"Não";"Não";"venda no cliente";"Sim";"caixa/evento (Lucky Coin 1) | caixa/evento (Lucky Coin 2)";"";"0 0 0 1 0 0 0"
"7265";"14";"97";"Scroll of Battle";"Não";"Não";"Não";"Não";"Não";"baú no cliente, venda no cliente";"Sim";"loja de cash";"Tudo bloqueado no cliente: não sai do inventário";"0 0 0 0 0 0 0"
"7266";"14";"98";"Scroll of Strength";"Não";"Não";"Não";"Não";"Não";"baú no cliente, venda no cliente";"Sim";"loja de cash";"Tudo bloqueado no cliente: não sai do inventário";"0 0 0 0 0 0 0"
"7280";"14";"112";"Silver Key";"Não";"Não";"Não";"Não";"Não";"baú no cliente, venda no cliente";"Sim";"loja de cash | loja NPC (Hanzo the Blacksmith)";"Tudo bloqueado no cliente: não sai do inventário";"0 0 0 0 0 0 0"
"7281";"14";"113";"Gold Key";"Não";"Não";"Não";"Não";"Não";"baú no cliente, venda no cliente";"Sim";"loja de cash | loja NPC (Hanzo the Blacksmith)";"Tudo bloqueado no cliente: não sai do inventário";"0 0 0 0 0 0 0"
"7301";"14";"133";"Elite SD Potion";"Sim";"Não";"Não";"Não";"Não";"venda no cliente";"Sim";"loja de cash";"";"0 0 0 1 0 0 0"
"7302";"14";"134";"Package Box A";"Não";"Não";"Não";"Não";"Não";"baú no cliente, venda no cliente";"Sim";"loja de cash";"Tudo bloqueado no cliente: não sai do inventário";"0 0 0 0 0 0 0"
"7303";"14";"135";"Package Box B";"Não";"Não";"Não";"Não";"Não";"baú no cliente, venda no cliente";"Sim";"loja de cash";"Tudo bloqueado no cliente: não sai do inventário";"0 0 0 0 0 0 0"
"7306";"14";"138";"Package Box E";"Não";"Não";"Não";"Não";"Não";"baú no cliente, venda no cliente";"Sim";"loja de cash";"Tudo bloqueado no cliente: não sai do inventário";"0 0 0 0 0 0 0"
"7307";"14";"139";"Package Box F";"Não";"Não";"Não";"Não";"Não";"baú no cliente, venda no cliente";"Sim";"loja de cash";"Tudo bloqueado no cliente: não sai do inventário";"0 0 0 0 0 0 0"
"7321";"14";"153";"Stardust";"Não";"Sim";"Não";"Não";"Não";"baú no cliente";"Sim";"loja NPC (Hanzo the Blacksmith)";"";"0 0 0 0 1 0 0"
"7322";"14";"154";"Kalt Stone";"Não";"Sim";"Não";"Não";"Não";"baú no cliente";"Sim";"loja NPC (Hanzo the Blacksmith)";"";"0 0 0 0 1 0 0"
"7331";"14";"163";"Vault Expansion Certificate";"Não";"Sim";"Não";"Não";"Não";"baú no cliente";"Sim";"loja de cash | loja NPC (Liaman the Barmaid)";"Feito para ser usado: libera o baú estendido";"0 0 0 0 1 0 0"
"7337";"14";"169";"RageFighter Character Card";"Não";"Não";"Não";"Não";"Não";"baú no cliente, venda no cliente";"Sim";"loja de cash";"Cartão de personagem";"0 0 0 0 0 0 0"
"7383";"14";"215";"Card Piece";"Não";"Não";"Não";"Sim";"Não";"baú no cliente, venda no cliente";"Sim";"ItemDrop.txt";"";"0 1 0 0 0 0 0"
"7446";"14";"278";"Piece of Summoning Scroll";"Não";"Não";"Sim";"Sim";"Não";"baú no cliente, venda no cliente";"Sim";"drop de monstro";"";"1 1 0 0 0 0 0"
"7449";"14";"281";"Grow Lancer Character Card";"Não";"Não";"Não";"Não";"Não";"baú no cliente, venda no cliente";"Sim";"loja de cash";"Cartão de personagem";"0 0 0 0 0 0 0"
"7598";"14";"430";"Elena's Letter";"Não";"Sim";"Não";"Não";"Não";"baú no cliente";"Sim";"drop de monstro";"Item de missão";"0 0 0 0 1 1 0"
"7608";"14";"440";"Season Level Reward B";"Não";"Sim";"Sim";"Não";"Não";"baú no cliente";"Sim";"drop de monstro";"";"1 0 0 0 1 0 0"
"7612";"14";"444";"Energy Drink";"Não";"Não";"Não";"Sim";"Não";"baú no cliente, venda no cliente";"Sim";"drop de monstro";"";"0 1 0 0 0 0 0"
"7621";"14";"453";"Switch Scroll";"Não";"Não";"Não";"Não";"Não";"baú no cliente, venda no cliente";"Sim";"drop de monstro";"Item de missão";"0 0 0 0 0 0 0"
"7655";"14";"487";"Rune Mage Character Card";"Não";"Não";"Não";"Não";"Não";"baú no cliente, venda no cliente";"Sim";"loja de cash";"Cartão de personagem";"0 0 0 0 0 0 0"
"41";"0";"41";"Pandora Pick (two-handed)";"Sim";"Não";"Sim";"Sim";"Sim";"venda no cliente";"Não";"";"";"1 1 1 1 0 0 0"
"48";"0";"48";"Sword of Destruction (Bound)";"Não";"Sim";"Não";"Não";"Não";"baú no cliente";"Não";"";"Preso ao personagem (Bound)";"0 0 0 0 1 1 1"
"49";"0";"49";"Thunder Blade (Bound)";"Não";"Sim";"Não";"Não";"Não";"baú no cliente";"Não";"";"Preso ao personagem (Bound)";"0 0 0 0 1 1 1"
"50";"0";"50";"Holy Storm Claws (Bound)";"Não";"Sim";"Não";"Não";"Não";"baú no cliente";"Não";"";"Preso ao personagem (Bound)";"0 0 0 0 1 1 1"
"1048";"2";"24";"Lord's Scepter (Bound)";"Não";"Sim";"Não";"Não";"Não";"baú no cliente";"Não";"";"Preso ao personagem (Bound)";"0 0 0 0 1 1 1"
"1061";"2";"37";"Elemental Rune Mace (Bound)";"Não";"Sim";"Não";"Não";"Não";"baú no cliente";"Não";"";"Preso ao personagem (Bound)";"0 0 0 0 1 1 1"
"1557";"3";"21";"Pluma Lance (Bound)";"Não";"Sim";"Não";"Não";"Não";"baú no cliente";"Não";"";"Preso ao personagem (Bound)";"0 0 0 0 1 1 1"
"2077";"4";"29";"Celestial Bow (Bound)";"Não";"Sim";"Não";"Não";"Não";"baú no cliente";"Não";"";"Preso ao personagem (Bound)";"0 0 0 0 1 1 1"
"2605";"5";"45";"Legendary Staff (Bound)";"Não";"Sim";"Não";"Não";"Não";"baú no cliente";"Não";"";"Preso ao personagem (Bound)";"0 0 0 0 1 1 1"
"2606";"5";"46";"Red Winged Stick (Bound)";"Não";"Sim";"Não";"Não";"Não";"baú no cliente";"Não";"";"Preso ao personagem (Bound)";"0 0 0 0 1 1 1"
"2607";"5";"47";"Book of Lagle (Bound)";"Não";"Sim";"Não";"Não";"Não";"baú no cliente";"Não";"";"Preso ao personagem (Bound)";"0 0 0 0 1 1 1"
"2608";"5";"48";"Staff of Destruction (Bound)";"Não";"Sim";"Não";"Não";"Não";"baú no cliente";"Não";"";"Preso ao personagem (Bound)";"0 0 0 0 1 1 1"
"3109";"6";"37";"Bloodangel Magic Shield";"Não";"Sim";"Não";"Não";"Não";"baú no cliente";"Não";"";"";"0 0 0 0 1 1 1"
"3110";"6";"38";"Bloodangel Fairy Shield";"Não";"Sim";"Não";"Não";"Não";"baú no cliente";"Não";"";"";"0 0 0 0 1 1 1"
"3111";"6";"39";"Bloodangel Dark Shield";"Não";"Sim";"Não";"Não";"Não";"baú no cliente";"Não";"";"";"0 0 0 0 1 1 1"
"3115";"6";"43";"Elemental Shield (Bound)";"Não";"Sim";"Não";"Não";"Não";"baú no cliente";"Não";"";"Preso ao personagem (Bound)";"0 0 0 0 1 1 1"
"3646";"7";"62";"Scale Helm";"Não";"Não";"Não";"Não";"Não";"baú no cliente, venda no cliente";"Não";"";"Tudo bloqueado no cliente: não sai do inventário";"0 0 0 0 0 0 0"
"3647";"7";"63";"Silk Helm";"Não";"Não";"Não";"Não";"Não";"baú no cliente, venda no cliente";"Não";"";"Tudo bloqueado no cliente: não sai do inventário";"0 0 0 0 0 0 0"
"3648";"7";"64";"Sphinx Helm";"Não";"Não";"Não";"Não";"Não";"baú no cliente, venda no cliente";"Não";"";"Tudo bloqueado no cliente: não sai do inventário";"0 0 0 0 0 0 0"
"3649";"7";"65";"Violent Wind Helm";"Não";"Não";"Não";"Não";"Não";"baú no cliente, venda no cliente";"Não";"";"Tudo bloqueado no cliente: não sai do inventário";"0 0 0 0 0 0 0"
"3650";"7";"66";"Dark Soul Helm";"Não";"Não";"Não";"Não";"Não";"baú no cliente, venda no cliente";"Não";"";"Tudo bloqueado no cliente: não sai do inventário";"0 0 0 0 0 0 0"
"3651";"7";"67";"Dragon Helm";"Não";"Não";"Não";"Não";"Não";"baú no cliente, venda no cliente";"Não";"";"Tudo bloqueado no cliente: não sai do inventário";"0 0 0 0 0 0 0"
"3652";"7";"68";"Guardian Helm";"Não";"Não";"Não";"Não";"Não";"baú no cliente, venda no cliente";"Não";"";"Tudo bloqueado no cliente: não sai do inventário";"0 0 0 0 0 0 0"
"3653";"7";"69";"Legendary Helm";"Não";"Não";"Não";"Não";"Não";"baú no cliente, venda no cliente";"Não";"";"Tudo bloqueado no cliente: não sai do inventário";"0 0 0 0 0 0 0"
"3654";"7";"70";"Red Wing Helm";"Não";"Não";"Não";"Não";"Não";"baú no cliente, venda no cliente";"Não";"";"Tudo bloqueado no cliente: não sai do inventário";"0 0 0 0 0 0 0"
"3656";"7";"72";"Storm Jahad Helm";"Não";"Não";"Não";"Não";"Não";"baú no cliente, venda no cliente";"Não";"";"Tudo bloqueado no cliente: não sai do inventário";"0 0 0 0 0 0 0"
"3680";"7";"96";"Robust Helmet";"Não";"Não";"Não";"Não";"Não";"baú no cliente, venda no cliente";"Não";"";"Tudo bloqueado no cliente: não sai do inventário";"0 0 0 0 0 0 0"
"3681";"7";"97";"Princie Helmet";"Não";"Não";"Não";"Não";"Não";"baú no cliente, venda no cliente";"Não";"";"Tudo bloqueado no cliente: não sai do inventário";"0 0 0 0 0 0 0"
"3708";"7";"124";"Rune Sphinx Mask";"Não";"Não";"Não";"Não";"Não";"baú no cliente, venda no cliente";"Não";"";"Tudo bloqueado no cliente: não sai do inventário";"0 0 0 0 0 0 0"
"3709";"7";"125";"Legendary Rune Helm";"Não";"Não";"Não";"Não";"Não";"baú no cliente, venda no cliente";"Não";"";"Tudo bloqueado no cliente: não sai do inventário";"0 0 0 0 0 0 0"
"3710";"7";"126";"Legendary Rune Helm (Bound)";"Não";"Sim";"Não";"Não";"Não";"baú no cliente";"Não";"";"Preso ao personagem (Bound)";"0 0 0 0 1 1 1"
"3714";"7";"130";"Dragon Helm (Bound)";"Não";"Sim";"Não";"Não";"Não";"baú no cliente";"Não";"";"Preso ao personagem (Bound)";"0 0 0 0 1 1 1"
"3715";"7";"131";"Legendary Helm (Bound)";"Não";"Sim";"Não";"Não";"Não";"baú no cliente";"Não";"";"Preso ao personagem (Bound)";"0 0 0 0 1 1 1"
"3716";"7";"132";"Guardian Helm (Bound)";"Não";"Sim";"Não";"Não";"Não";"baú no cliente";"Não";"";"Preso ao personagem (Bound)";"0 0 0 0 1 1 1"
"3718";"7";"134";"Adamantine Mask (Bound)";"Não";"Sim";"Não";"Não";"Não";"baú no cliente";"Não";"";"Preso ao personagem (Bound)";"0 0 0 0 1 1 1"
"3719";"7";"135";"Red Winged Helm (Bound)";"Não";"Sim";"Não";"Não";"Não";"baú no cliente";"Não";"";"Preso ao personagem (Bound)";"0 0 0 0 1 1 1"
"3720";"7";"136";"Storm Zahard Helm (Bound)";"Não";"Sim";"Não";"Não";"Não";"baú no cliente";"Não";"";"Preso ao personagem (Bound)";"0 0 0 0 1 1 1"
"3721";"7";"137";"Princie Helmet (Bound)";"Não";"Sim";"Não";"Não";"Não";"baú no cliente";"Não";"";"Preso ao personagem (Bound)";"0 0 0 0 1 1 1"
"4158";"8";"62";"Scale Armor";"Não";"Não";"Não";"Não";"Não";"baú no cliente, venda no cliente";"Não";"";"Tudo bloqueado no cliente: não sai do inventário";"0 0 0 0 0 0 0"
"4159";"8";"63";"Silk Armor";"Não";"Não";"Não";"Não";"Não";"baú no cliente, venda no cliente";"Não";"";"Tudo bloqueado no cliente: não sai do inventário";"0 0 0 0 0 0 0"
"4160";"8";"64";"Sphinx Armor";"Não";"Não";"Não";"Não";"Não";"baú no cliente, venda no cliente";"Não";"";"Tudo bloqueado no cliente: não sai do inventário";"0 0 0 0 0 0 0"
"4161";"8";"65";"Violent Wind Armor";"Não";"Não";"Não";"Não";"Não";"baú no cliente, venda no cliente";"Não";"";"Tudo bloqueado no cliente: não sai do inventário";"0 0 0 0 0 0 0"
"4162";"8";"66";"Dark Soul Armor";"Não";"Não";"Não";"Não";"Não";"baú no cliente, venda no cliente";"Não";"";"Tudo bloqueado no cliente: não sai do inventário";"0 0 0 0 0 0 0"
"4163";"8";"67";"Dragon Armor";"Não";"Não";"Não";"Não";"Não";"baú no cliente, venda no cliente";"Não";"";"Tudo bloqueado no cliente: não sai do inventário";"0 0 0 0 0 0 0"
"4164";"8";"68";"Guardian Armor";"Não";"Não";"Não";"Não";"Não";"baú no cliente, venda no cliente";"Não";"";"Tudo bloqueado no cliente: não sai do inventário";"0 0 0 0 0 0 0"
"4165";"8";"69";"Legendary Armor";"Não";"Não";"Não";"Não";"Não";"baú no cliente, venda no cliente";"Não";"";"Tudo bloqueado no cliente: não sai do inventário";"0 0 0 0 0 0 0"
"4166";"8";"70";"Red Wing Armor";"Não";"Não";"Não";"Não";"Não";"baú no cliente, venda no cliente";"Não";"";"Tudo bloqueado no cliente: não sai do inventário";"0 0 0 0 0 0 0"
"4167";"8";"71";"Atlans Armor";"Não";"Não";"Não";"Não";"Não";"baú no cliente, venda no cliente";"Não";"";"Tudo bloqueado no cliente: não sai do inventário";"0 0 0 0 0 0 0"
"4168";"8";"72";"Storm Jahad Armor";"Não";"Não";"Não";"Não";"Não";"baú no cliente, venda no cliente";"Não";"";"Tudo bloqueado no cliente: não sai do inventário";"0 0 0 0 0 0 0"
"4192";"8";"96";"Robust Armor";"Não";"Não";"Não";"Não";"Não";"baú no cliente, venda no cliente";"Não";"";"Tudo bloqueado no cliente: não sai do inventário";"0 0 0 0 0 0 0"
"4193";"8";"97";"Princie Armor";"Não";"Não";"Não";"Não";"Não";"baú no cliente, venda no cliente";"Não";"";"Tudo bloqueado no cliente: não sai do inventário";"0 0 0 0 0 0 0"
"4220";"8";"124";"Rune Sphinx Armor";"Não";"Não";"Não";"Não";"Não";"baú no cliente, venda no cliente";"Não";"";"Tudo bloqueado no cliente: não sai do inventário";"0 0 0 0 0 0 0"
"4221";"8";"125";"Legendary Rune Armor";"Não";"Não";"Não";"Não";"Não";"baú no cliente, venda no cliente";"Não";"";"Tudo bloqueado no cliente: não sai do inventário";"0 0 0 0 0 0 0"
"4222";"8";"126";"Legendary Rune Armor (Bound)";"Não";"Sim";"Não";"Não";"Não";"baú no cliente";"Não";"";"Preso ao personagem (Bound)";"0 0 0 0 1 1 1"
"4226";"8";"130";"Dragon Armor (Bound)";"Não";"Sim";"Não";"Não";"Não";"baú no cliente";"Não";"";"Preso ao personagem (Bound)";"0 0 0 0 1 1 1"
"4227";"8";"131";"Legendary Armor (Bound)";"Não";"Sim";"Não";"Não";"Não";"baú no cliente";"Não";"";"Preso ao personagem (Bound)";"0 0 0 0 1 1 1"
"4228";"8";"132";"Guardian Armor (Bound)";"Não";"Sim";"Não";"Não";"Não";"baú no cliente";"Não";"";"Preso ao personagem (Bound)";"0 0 0 0 1 1 1"
"4229";"8";"133";"Atlans Armor (Bound)";"Não";"Sim";"Não";"Não";"Não";"baú no cliente";"Não";"";"Preso ao personagem (Bound)";"0 0 0 0 1 1 1"
"4230";"8";"134";"Adamantine Armor (Bound)";"Não";"Sim";"Não";"Não";"Não";"baú no cliente";"Não";"";"Preso ao personagem (Bound)";"0 0 0 0 1 1 1"
"4231";"8";"135";"Red Winged Armor (Bound)";"Não";"Sim";"Não";"Não";"Não";"baú no cliente";"Não";"";"Preso ao personagem (Bound)";"0 0 0 0 1 1 1"
"4232";"8";"136";"Storm Zahard Armor (Bound)";"Não";"Sim";"Não";"Não";"Não";"baú no cliente";"Não";"";"Preso ao personagem (Bound)";"0 0 0 0 1 1 1"
"4233";"8";"137";"Princie Armor (Bound)";"Não";"Sim";"Não";"Não";"Não";"baú no cliente";"Não";"";"Preso ao personagem (Bound)";"0 0 0 0 1 1 1"
"4670";"9";"62";"Scale Pants";"Não";"Não";"Não";"Não";"Não";"baú no cliente, venda no cliente";"Não";"";"Tudo bloqueado no cliente: não sai do inventário";"0 0 0 0 0 0 0"
"4671";"9";"63";"Silk Pants";"Não";"Não";"Não";"Não";"Não";"baú no cliente, venda no cliente";"Não";"";"Tudo bloqueado no cliente: não sai do inventário";"0 0 0 0 0 0 0"
"4672";"9";"64";"Sphinx Pants";"Não";"Não";"Não";"Não";"Não";"baú no cliente, venda no cliente";"Não";"";"Tudo bloqueado no cliente: não sai do inventário";"0 0 0 0 0 0 0"
"4673";"9";"65";"Violent Wind Pants";"Não";"Não";"Não";"Não";"Não";"baú no cliente, venda no cliente";"Não";"";"Tudo bloqueado no cliente: não sai do inventário";"0 0 0 0 0 0 0"
"4674";"9";"66";"Dark Soul Pants";"Não";"Não";"Não";"Não";"Não";"baú no cliente, venda no cliente";"Não";"";"Tudo bloqueado no cliente: não sai do inventário";"0 0 0 0 0 0 0"
"4675";"9";"67";"Dragon Pants";"Não";"Não";"Não";"Não";"Não";"baú no cliente, venda no cliente";"Não";"";"Tudo bloqueado no cliente: não sai do inventário";"0 0 0 0 0 0 0"
"4676";"9";"68";"Guardian Pants";"Não";"Não";"Não";"Não";"Não";"baú no cliente, venda no cliente";"Não";"";"Tudo bloqueado no cliente: não sai do inventário";"0 0 0 0 0 0 0"
"4677";"9";"69";"Legendary Pants";"Não";"Não";"Não";"Não";"Não";"baú no cliente, venda no cliente";"Não";"";"Tudo bloqueado no cliente: não sai do inventário";"0 0 0 0 0 0 0"
"4678";"9";"70";"Red Wing Pants";"Não";"Não";"Não";"Não";"Não";"baú no cliente, venda no cliente";"Não";"";"Tudo bloqueado no cliente: não sai do inventário";"0 0 0 0 0 0 0"
"4679";"9";"71";"Atlans Pants";"Não";"Não";"Não";"Não";"Não";"baú no cliente, venda no cliente";"Não";"";"Tudo bloqueado no cliente: não sai do inventário";"0 0 0 0 0 0 0"
"4680";"9";"72";"Storm Jahad Pants";"Não";"Não";"Não";"Não";"Não";"baú no cliente, venda no cliente";"Não";"";"Tudo bloqueado no cliente: não sai do inventário";"0 0 0 0 0 0 0"
"4704";"9";"96";"Robust Pants";"Não";"Não";"Não";"Não";"Não";"baú no cliente, venda no cliente";"Não";"";"Tudo bloqueado no cliente: não sai do inventário";"0 0 0 0 0 0 0"
"4705";"9";"97";"Princie Pants";"Não";"Não";"Não";"Não";"Não";"baú no cliente, venda no cliente";"Não";"";"Tudo bloqueado no cliente: não sai do inventário";"0 0 0 0 0 0 0"
"4732";"9";"124";"Rune Sphinx Pants";"Não";"Não";"Não";"Não";"Não";"baú no cliente, venda no cliente";"Não";"";"Tudo bloqueado no cliente: não sai do inventário";"0 0 0 0 0 0 0"
"4733";"9";"125";"Legendary Rune Pants";"Não";"Não";"Não";"Não";"Não";"baú no cliente, venda no cliente";"Não";"";"Tudo bloqueado no cliente: não sai do inventário";"0 0 0 0 0 0 0"
"4734";"9";"126";"Legendary Rune Pants (Bound)";"Não";"Sim";"Não";"Não";"Não";"baú no cliente";"Não";"";"Preso ao personagem (Bound)";"0 0 0 0 1 1 1"
"4738";"9";"130";"Dragon Pants (Bound)";"Não";"Sim";"Não";"Não";"Não";"baú no cliente";"Não";"";"Preso ao personagem (Bound)";"0 0 0 0 1 1 1"
"4739";"9";"131";"Legendary Pants (Bound)";"Não";"Sim";"Não";"Não";"Não";"baú no cliente";"Não";"";"Preso ao personagem (Bound)";"0 0 0 0 1 1 1"
"4740";"9";"132";"Guardian Pants (Bound)";"Não";"Sim";"Não";"Não";"Não";"baú no cliente";"Não";"";"Preso ao personagem (Bound)";"0 0 0 0 1 1 1"
"4741";"9";"133";"Atlans Pants (Bound)";"Não";"Sim";"Não";"Não";"Não";"baú no cliente";"Não";"";"Preso ao personagem (Bound)";"0 0 0 0 1 1 1"
"4742";"9";"134";"Adamantine Pants (Bound)";"Não";"Sim";"Não";"Não";"Não";"baú no cliente";"Não";"";"Preso ao personagem (Bound)";"0 0 0 0 1 1 1"
"4743";"9";"135";"Red Winged Pants (Bound)";"Não";"Sim";"Não";"Não";"Não";"baú no cliente";"Não";"";"Preso ao personagem (Bound)";"0 0 0 0 1 1 1"
"4744";"9";"136";"Storm Zahard Pants (Bound)";"Não";"Sim";"Não";"Não";"Não";"baú no cliente";"Não";"";"Preso ao personagem (Bound)";"0 0 0 0 1 1 1"
"4745";"9";"137";"Princie Pants (Bound)";"Não";"Sim";"Não";"Não";"Não";"baú no cliente";"Não";"";"Preso ao personagem (Bound)";"0 0 0 0 1 1 1"
"5182";"10";"62";"Scale Gloves";"Não";"Não";"Não";"Não";"Não";"baú no cliente, venda no cliente";"Não";"";"Tudo bloqueado no cliente: não sai do inventário";"0 0 0 0 0 0 0"
"5183";"10";"63";"Silk Gloves";"Não";"Não";"Não";"Não";"Não";"baú no cliente, venda no cliente";"Não";"";"Tudo bloqueado no cliente: não sai do inventário";"0 0 0 0 0 0 0"
"5184";"10";"64";"Sphinx Gloves";"Não";"Não";"Não";"Não";"Não";"baú no cliente, venda no cliente";"Não";"";"Tudo bloqueado no cliente: não sai do inventário";"0 0 0 0 0 0 0"
"5185";"10";"65";"Violent Wind Gloves";"Não";"Não";"Não";"Não";"Não";"baú no cliente, venda no cliente";"Não";"";"Tudo bloqueado no cliente: não sai do inventário";"0 0 0 0 0 0 0"
"5186";"10";"66";"Dark Soul Gloves";"Não";"Não";"Não";"Não";"Não";"baú no cliente, venda no cliente";"Não";"";"Tudo bloqueado no cliente: não sai do inventário";"0 0 0 0 0 0 0"
"5187";"10";"67";"Dragon Gloves";"Não";"Não";"Não";"Não";"Não";"baú no cliente, venda no cliente";"Não";"";"Tudo bloqueado no cliente: não sai do inventário";"0 0 0 0 0 0 0"
"5188";"10";"68";"Guardian Gloves";"Não";"Não";"Não";"Não";"Não";"baú no cliente, venda no cliente";"Não";"";"Tudo bloqueado no cliente: não sai do inventário";"0 0 0 0 0 0 0"
"5189";"10";"69";"Legendary Gloves";"Não";"Não";"Não";"Não";"Não";"baú no cliente, venda no cliente";"Não";"";"Tudo bloqueado no cliente: não sai do inventário";"0 0 0 0 0 0 0"
"5190";"10";"70";"Red Wing Gloves";"Não";"Não";"Não";"Não";"Não";"baú no cliente, venda no cliente";"Não";"";"Tudo bloqueado no cliente: não sai do inventário";"0 0 0 0 0 0 0"
"5191";"10";"71";"Atlans Gloves";"Não";"Não";"Não";"Não";"Não";"baú no cliente, venda no cliente";"Não";"";"Tudo bloqueado no cliente: não sai do inventário";"0 0 0 0 0 0 0"
"5216";"10";"96";"Robust Gloves";"Não";"Não";"Não";"Não";"Não";"baú no cliente, venda no cliente";"Não";"";"Tudo bloqueado no cliente: não sai do inventário";"0 0 0 0 0 0 0"
"5217";"10";"97";"Princie Gloves";"Não";"Não";"Não";"Não";"Não";"baú no cliente, venda no cliente";"Não";"";"Tudo bloqueado no cliente: não sai do inventário";"0 0 0 0 0 0 0"
"5244";"10";"124";"Rune Sphinx Gloves";"Não";"Não";"Não";"Não";"Não";"baú no cliente, venda no cliente";"Não";"";"Tudo bloqueado no cliente: não sai do inventário";"0 0 0 0 0 0 0"
"5245";"10";"125";"Legendary Rune Gloves";"Não";"Não";"Não";"Não";"Não";"baú no cliente, venda no cliente";"Não";"";"Tudo bloqueado no cliente: não sai do inventário";"0 0 0 0 0 0 0"
"5246";"10";"126";"Legendary Rune Gloves (Bound)";"Não";"Sim";"Não";"Não";"Não";"baú no cliente";"Não";"";"Preso ao personagem (Bound)";"0 0 0 0 1 1 1"
"5250";"10";"130";"Dragon Gloves (Bound)";"Não";"Sim";"Não";"Não";"Não";"baú no cliente";"Não";"";"Preso ao personagem (Bound)";"0 0 0 0 1 1 1"
"5251";"10";"131";"Legendary Gloves (Bound)";"Não";"Sim";"Não";"Não";"Não";"baú no cliente";"Não";"";"Preso ao personagem (Bound)";"0 0 0 0 1 1 1"
"5252";"10";"132";"Guardian Gloves (Bound)";"Não";"Sim";"Não";"Não";"Não";"baú no cliente";"Não";"";"Preso ao personagem (Bound)";"0 0 0 0 1 1 1"
"5253";"10";"133";"Atlans Gloves (Bound)";"Não";"Sim";"Não";"Não";"Não";"baú no cliente";"Não";"";"Preso ao personagem (Bound)";"0 0 0 0 1 1 1"
"5254";"10";"134";"Adamantine Gloves (Bound)";"Não";"Sim";"Não";"Não";"Não";"baú no cliente";"Não";"";"Preso ao personagem (Bound)";"0 0 0 0 1 1 1"
"5255";"10";"135";"Red Winged Gloves (Bound)";"Não";"Sim";"Não";"Não";"Não";"baú no cliente";"Não";"";"Preso ao personagem (Bound)";"0 0 0 0 1 1 1"
"5257";"10";"137";"Princie Gloves (Bound)";"Não";"Sim";"Não";"Não";"Não";"baú no cliente";"Não";"";"Preso ao personagem (Bound)";"0 0 0 0 1 1 1"
"5694";"11";"62";"Scale Boots";"Não";"Não";"Não";"Não";"Não";"baú no cliente, venda no cliente";"Não";"";"Tudo bloqueado no cliente: não sai do inventário";"0 0 0 0 0 0 0"
"5695";"11";"63";"Silk Boots";"Não";"Não";"Não";"Não";"Não";"baú no cliente, venda no cliente";"Não";"";"Tudo bloqueado no cliente: não sai do inventário";"0 0 0 0 0 0 0"
"5696";"11";"64";"Sphinx Boots";"Não";"Não";"Não";"Não";"Não";"baú no cliente, venda no cliente";"Não";"";"Tudo bloqueado no cliente: não sai do inventário";"0 0 0 0 0 0 0"
"5697";"11";"65";"Violent Wind Boots";"Não";"Não";"Não";"Não";"Não";"baú no cliente, venda no cliente";"Não";"";"Tudo bloqueado no cliente: não sai do inventário";"0 0 0 0 0 0 0"
"5698";"11";"66";"Dark Soul Boots";"Não";"Não";"Não";"Não";"Não";"baú no cliente, venda no cliente";"Não";"";"Tudo bloqueado no cliente: não sai do inventário";"0 0 0 0 0 0 0"
"5699";"11";"67";"Dragon Boots";"Não";"Não";"Não";"Não";"Não";"baú no cliente, venda no cliente";"Não";"";"Tudo bloqueado no cliente: não sai do inventário";"0 0 0 0 0 0 0"
"5700";"11";"68";"Guardian Boots";"Não";"Não";"Não";"Não";"Não";"baú no cliente, venda no cliente";"Não";"";"Tudo bloqueado no cliente: não sai do inventário";"0 0 0 0 0 0 0"
"5701";"11";"69";"Legendary Boots";"Não";"Não";"Não";"Não";"Não";"baú no cliente, venda no cliente";"Não";"";"Tudo bloqueado no cliente: não sai do inventário";"0 0 0 0 0 0 0"
"5702";"11";"70";"Red Wing Boots";"Não";"Não";"Não";"Não";"Não";"baú no cliente, venda no cliente";"Não";"";"Tudo bloqueado no cliente: não sai do inventário";"0 0 0 0 0 0 0"
"5703";"11";"71";"Atlans Boots";"Não";"Não";"Não";"Não";"Não";"baú no cliente, venda no cliente";"Não";"";"Tudo bloqueado no cliente: não sai do inventário";"0 0 0 0 0 0 0"
"5704";"11";"72";"Storm Jahad Boots";"Não";"Não";"Não";"Não";"Não";"baú no cliente, venda no cliente";"Não";"";"Tudo bloqueado no cliente: não sai do inventário";"0 0 0 0 0 0 0"
"5728";"11";"96";"Robust Boots";"Não";"Não";"Não";"Não";"Não";"baú no cliente, venda no cliente";"Não";"";"Tudo bloqueado no cliente: não sai do inventário";"0 0 0 0 0 0 0"
"5729";"11";"97";"Princie Boots";"Não";"Não";"Não";"Não";"Não";"baú no cliente, venda no cliente";"Não";"";"Tudo bloqueado no cliente: não sai do inventário";"0 0 0 0 0 0 0"
"5756";"11";"124";"Rune Sphinx Boots";"Não";"Não";"Não";"Não";"Não";"baú no cliente, venda no cliente";"Não";"";"Tudo bloqueado no cliente: não sai do inventário";"0 0 0 0 0 0 0"
"5757";"11";"125";"Legendary Rune Boots";"Não";"Não";"Não";"Não";"Não";"baú no cliente, venda no cliente";"Não";"";"Tudo bloqueado no cliente: não sai do inventário";"0 0 0 0 0 0 0"
"5758";"11";"126";"Legendary Rune Boots (Bound)";"Não";"Sim";"Não";"Não";"Não";"baú no cliente";"Não";"";"Preso ao personagem (Bound)";"0 0 0 0 1 1 1"
"5762";"11";"130";"Dragon Boots (Bound)";"Não";"Sim";"Não";"Não";"Não";"baú no cliente";"Não";"";"Preso ao personagem (Bound)";"0 0 0 0 1 1 1"
"5763";"11";"131";"Legendary Boots (Bound)";"Não";"Sim";"Não";"Não";"Não";"baú no cliente";"Não";"";"Preso ao personagem (Bound)";"0 0 0 0 1 1 1"
"5764";"11";"132";"Guardian Boots (Bound)";"Não";"Sim";"Não";"Não";"Não";"baú no cliente";"Não";"";"Preso ao personagem (Bound)";"0 0 0 0 1 1 1"
"5765";"11";"133";"Atlans Boots (Bound)";"Não";"Sim";"Não";"Não";"Não";"baú no cliente";"Não";"";"Preso ao personagem (Bound)";"0 0 0 0 1 1 1"
"5766";"11";"134";"Adamantine Boots (Bound)";"Não";"Sim";"Não";"Não";"Não";"baú no cliente";"Não";"";"Preso ao personagem (Bound)";"0 0 0 0 1 1 1"
"5767";"11";"135";"Red Winged Boots (Bound)";"Não";"Sim";"Não";"Não";"Não";"baú no cliente";"Não";"";"Preso ao personagem (Bound)";"0 0 0 0 1 1 1"
"5768";"11";"136";"Storm Zahard Boots (Bound)";"Não";"Sim";"Não";"Não";"Não";"baú no cliente";"Não";"";"Preso ao personagem (Bound)";"0 0 0 0 1 1 1"
"5769";"11";"137";"Princie Boots (Bound)";"Não";"Sim";"Não";"Não";"Não";"baú no cliente";"Não";"";"Preso ao personagem (Bound)";"0 0 0 0 1 1 1"
"6176";"12";"32";"box of red ribbon";"Não";"Não";"Não";"Sim";"Não";"baú no cliente, venda no cliente";"Não";"";"";"0 1 0 0 0 0 0"
"6177";"12";"33";"box of green ribbon";"Não";"Não";"Não";"Sim";"Não";"baú no cliente, venda no cliente";"Não";"";"";"0 1 0 0 0 0 0"
"6178";"12";"34";"box of blue ribbon";"Não";"Não";"Não";"Sim";"Não";"baú no cliente, venda no cliente";"Não";"";"";"0 1 0 0 0 0 0"
"6360";"12";"216";"Iron Shield (Bound)";"Não";"Sim";"Não";"Não";"Não";"baú no cliente";"Não";"";"Muun";"0 0 0 0 1 1 0"
"6362";"12";"218";"Magic Spell Scroll (Bound)";"Não";"Sim";"Não";"Não";"Não";"baú no cliente";"Não";"";"Muun";"0 0 0 0 1 1 0"
"6410";"12";"266";"Wings of Conqueror";"Não";"Sim";"Não";"Não";"Não";"baú no cliente";"Não";"";"Muun";"0 0 0 0 1 1 0"
"6423";"12";"279";"Cloak of Death (Bound)";"Não";"Sim";"Não";"Não";"Não";"baú no cliente";"Não";"";"Preso ao personagem (Bound)";"0 0 0 0 1 1 1"
"6424";"12";"280";"Wings of Chaos (Bound)";"Não";"Sim";"Não";"Não";"Não";"baú no cliente";"Não";"";"Preso ao personagem (Bound)";"0 0 0 0 1 1 1"
"6425";"12";"281";"Wings of Magic (Bound)";"Não";"Sim";"Não";"Não";"Não";"baú no cliente";"Não";"";"Preso ao personagem (Bound)";"0 0 0 0 1 1 1"
"6426";"12";"282";"Wings of Life (Bound)";"Não";"Sim";"Não";"Não";"Não";"baú no cliente";"Não";"";"Preso ao personagem (Bound)";"0 0 0 0 1 1 1"
"6551";"12";"407";"[Bound]Loch's Magic Solution";"Não";"Sim";"Não";"Não";"Não";"baú no cliente";"Não";"";"Muun";"0 0 0 0 1 1 0"
"6552";"12";"408";"[Bound]Finished Loch's Magic Solution";"Não";"Sim";"Não";"Não";"Não";"baú no cliente";"Não";"";"Muun";"0 0 0 0 1 1 0"
"6553";"12";"409";"[Bound]Condor's Magic Solution";"Não";"Sim";"Não";"Não";"Não";"baú no cliente";"Não";"";"Muun";"0 0 0 0 1 1 0"
"6554";"12";"410";"[Bound]Finished Condor's Magic Solution";"Não";"Sim";"Não";"Não";"Não";"baú no cliente";"Não";"";"Muun";"0 0 0 0 1 1 0"
"6566";"12";"422";"[Bound]Wings of Soul";"Não";"Sim";"Não";"Não";"Não";"baú no cliente";"Não";"";"Preso ao personagem (Bound)";"0 0 0 0 1 1 1"
"6567";"12";"423";"[Bound]Wings of Dragon";"Não";"Sim";"Não";"Não";"Não";"baú no cliente";"Não";"";"Preso ao personagem (Bound)";"0 0 0 0 1 1 1"
"6568";"12";"424";"[Bound]Wings of Spirits";"Não";"Sim";"Não";"Não";"Não";"baú no cliente";"Não";"";"Preso ao personagem (Bound)";"0 0 0 0 1 1 1"
"6569";"12";"425";"[Bound]Wings of Darkness";"Não";"Sim";"Não";"Não";"Não";"baú no cliente";"Não";"";"Preso ao personagem (Bound)";"0 0 0 0 1 1 1"
"6570";"12";"426";"[Bound]Cape of Lord";"Não";"Sim";"Não";"Não";"Não";"baú no cliente";"Não";"";"Preso ao personagem (Bound)";"0 0 0 0 1 1 1"
"6571";"12";"427";"[Bound]Wings of Despair";"Não";"Sim";"Não";"Não";"Não";"baú no cliente";"Não";"";"Preso ao personagem (Bound)";"0 0 0 0 1 1 1"
"6572";"12";"428";"[Bound]Cape of Fighter";"Não";"Sim";"Não";"Não";"Não";"baú no cliente";"Não";"";"Preso ao personagem (Bound)";"0 0 0 0 1 1 1"
"6573";"12";"429";"[Bound]Cloak of Limit";"Não";"Sim";"Não";"Não";"Não";"baú no cliente";"Não";"";"Preso ao personagem (Bound)";"0 0 0 0 1 1 1"
"6574";"12";"430";"[Bound]Wings of Eternal";"Não";"Sim";"Não";"Não";"Não";"baú no cliente";"Não";"";"Preso ao personagem (Bound)";"0 0 0 0 1 1 1"
"6575";"12";"431";"[Bound]Wings of Storm";"Não";"Sim";"Não";"Não";"Não";"baú no cliente";"Não";"";"Preso ao personagem (Bound)";"0 0 0 0 1 1 1"
"6576";"12";"432";"[Bound]Wings of Illusion";"Não";"Sim";"Não";"Não";"Não";"baú no cliente";"Não";"";"Preso ao personagem (Bound)";"0 0 0 0 1 1 1"
"6577";"12";"433";"[Bound]Wings of Ruin";"Não";"Sim";"Não";"Não";"Não";"baú no cliente";"Não";"";"Preso ao personagem (Bound)";"0 0 0 0 1 1 1"
"6578";"12";"434";"[Bound]Cape of Emperor";"Não";"Sim";"Não";"Não";"Não";"baú no cliente";"Não";"";"Preso ao personagem (Bound)";"0 0 0 0 1 1 1"
"6579";"12";"435";"[Bound]Wings of Dimensiona";"Não";"Sim";"Não";"Não";"Não";"baú no cliente";"Não";"";"Preso ao personagem (Bound)";"0 0 0 0 1 1 1"
"6580";"12";"436";"[Bound]Cape of Overrule";"Não";"Sim";"Não";"Não";"Não";"baú no cliente";"Não";"";"Preso ao personagem (Bound)";"0 0 0 0 1 1 1"
"6581";"12";"437";"[Bound]Cloak of Transcendence";"Não";"Sim";"Não";"Não";"Não";"baú no cliente";"Não";"";"Preso ao personagem (Bound)";"0 0 0 0 1 1 1"
"6590";"12";"446";"Loch Magic Bubble";"Não";"Sim";"Não";"Não";"Não";"baú no cliente";"Não";"";"Muun";"0 0 0 0 1 1 0"
"6591";"12";"447";"Condor Magic Bubble";"Não";"Sim";"Não";"Não";"Não";"baú no cliente";"Não";"";"Muun";"0 0 0 0 1 1 0"
"6612";"12";"468";"[Bound] Wings of Disillusion";"Não";"Sim";"Não";"Não";"Não";"baú no cliente";"Não";"";"Preso ao personagem (Bound)";"0 0 0 0 1 1 1"
"6675";"13";"19";"Absolute Weapon of Archangel";"Não";"Não";"Não";"Não";"Não";"baú no cliente, baú no servidor, venda no cliente, venda no servidor";"Não";"";"Tudo bloqueado no cliente: não sai do inventário";"0 0 0 0 0 0 0"
"6676";"13";"20";"Wizards Ring";"Não";"Sim";"Não";"Não";"Sim";"baú no servidor";"Não";"";"Vale para todos os níveis: +1 Warrior's Ring e +2 Champion's Ring, que personagens antigos ainda têm (issue #11). No cliente o baú está liberado: o jogador arrasta e o servidor recusa";"0 1 1 1 1 1 0"
"6698";"13";"42";"Ring of GM";"Não";"Sim";"Não";"Não";"Não";"baú no cliente";"Não";"";"";"0 0 0 0 1 0 0"
"6715";"13";"59";"Seal of Mobility";"Não";"Não";"Não";"Não";"Não";"baú no cliente, venda no cliente";"Não";"";"Tudo bloqueado no cliente: não sai do inventário";"0 0 0 0 0 0 0"
"6716";"13";"60";"Indulgence";"Sim";"Não";"Não";"Não";"Não";"venda no cliente";"Não";"";"";"0 0 0 1 0 0 0"
"6722";"13";"66";"Invitation to Santa Village";"Não";"Não";"Não";"Sim";"Não";"baú no cliente, venda no cliente";"Não";"";"";"0 1 0 0 0 0 0"
"6737";"13";"81";"Talisman of Guardian";"Sim";"Não";"Não";"Não";"Não";"venda no cliente";"Não";"";"";"0 0 0 1 0 0 0"
"6738";"13";"82";"Talisman of Item Protection";"Sim";"Não";"Não";"Não";"Não";"venda no cliente";"Não";"";"";"0 0 0 1 0 0 0"
"6739";"13";"83";"Talisman of Wings of Satan";"Sim";"Não";"Não";"Sim";"Sim";"venda no cliente";"Não";"";"";"0 1 1 1 0 0 0"
"6740";"13";"84";"Talisman of Wings of Heaven";"Sim";"Não";"Não";"Sim";"Sim";"venda no cliente";"Não";"";"";"0 1 1 1 0 0 0"
"6741";"13";"85";"Talisman of Wings of Elf";"Sim";"Não";"Não";"Sim";"Sim";"venda no cliente";"Não";"";"";"0 1 1 1 0 0 0"
"6742";"13";"86";"Talisman of Wing of Curse";"Sim";"Não";"Não";"Sim";"Sim";"venda no cliente";"Não";"";"";"0 1 1 1 0 0 0"
"6743";"13";"87";"Talisman of Cape of Emperor";"Sim";"Não";"Não";"Sim";"Sim";"venda no cliente";"Não";"";"";"0 1 1 1 0 0 0"
"6744";"13";"88";"Talisman of Wings of Dragon";"Sim";"Não";"Não";"Sim";"Sim";"venda no cliente";"Não";"";"";"0 1 1 1 0 0 0"
"6745";"13";"89";"Talisman of Wings of Soul";"Sim";"Não";"Não";"Sim";"Sim";"venda no cliente";"Não";"";"";"0 1 1 1 0 0 0"
"6746";"13";"90";"Talisman of Wings of Spirits";"Sim";"Não";"Não";"Sim";"Sim";"venda no cliente";"Não";"";"";"0 1 1 1 0 0 0"
"6747";"13";"91";"Talisman of Wing of Despair";"Sim";"Não";"Não";"Sim";"Sim";"venda no cliente";"Não";"";"";"0 1 1 1 0 0 0"
"6748";"13";"92";"Talisman of Wings of Darkness";"Sim";"Não";"Não";"Sim";"Sim";"venda no cliente";"Não";"";"";"0 1 1 1 0 0 0"
"6751";"13";"95";"Gladiator's Honor";"Não";"Não";"Não";"Não";"Não";"baú no cliente, venda no cliente";"Não";"";"Tudo bloqueado no cliente: não sai do inventário";"0 0 0 0 0 0 0"
"6752";"13";"96";"Seal of Strength";"Não";"Não";"Não";"Não";"Não";"baú no cliente, venda no cliente";"Não";"";"Tudo bloqueado no cliente: não sai do inventário";"0 0 0 0 0 0 0"
"6759";"13";"103";"Party EXP Scroll";"Não";"Não";"Não";"Não";"Não";"baú no cliente, venda no cliente";"Não";"";"Tudo bloqueado no cliente: não sai do inventário";"0 0 0 0 0 0 0"
"6772";"13";"116";"Seal of Wealth";"Não";"Não";"Não";"Não";"Não";"baú no cliente, venda no cliente";"Não";"";"Tudo bloqueado no cliente: não sai do inventário";"0 0 0 0 0 0 0"
"6773";"13";"117";"Minimum Vitality Potion";"Não";"Sim";"Sim";"Não";"Não";"baú no cliente";"Não";"";"";"1 0 0 0 1 0 0"
"6774";"13";"118";"Low Vitality Potion";"Não";"Sim";"Sim";"Não";"Não";"baú no cliente";"Não";"";"";"1 0 0 0 1 0 0"
"6775";"13";"119";"Medium Vitality Potion";"Não";"Sim";"Sim";"Não";"Não";"baú no cliente";"Não";"";"";"1 0 0 0 1 0 0"
"6776";"13";"120";"High Vitality Potion";"Não";"Sim";"Sim";"Não";"Não";"baú no cliente";"Não";"";"";"1 0 0 0 1 0 0"
"6777";"13";"121";"Access Ticket to Chaos Castle";"Sim";"Não";"Não";"Não";"Não";"venda no cliente";"Não";"";"";"0 0 0 1 0 0 0"
"6781";"13";"125";"Doppelganger";"Sim";"Não";"Não";"Não";"Não";"venda no cliente";"Não";"";"";"0 0 0 1 0 0 0"
"6782";"13";"126";"Access Ticket to Varka";"Sim";"Não";"Não";"Não";"Não";"venda no cliente";"Não";"";"";"0 0 0 1 0 0 0"
"6791";"13";"135";"1st Lucky Armor Ticket";"Não";"Sim";"Não";"Não";"Não";"baú no cliente";"Não";"";"";"0 0 0 0 1 0 0"
"6792";"13";"136";"1st Lucky Pants Ticket";"Não";"Sim";"Não";"Não";"Não";"baú no cliente";"Não";"";"";"0 0 0 0 1 0 0"
"6793";"13";"137";"1st Lucky Helm Ticket";"Não";"Sim";"Não";"Não";"Não";"baú no cliente";"Não";"";"";"0 0 0 0 1 0 0"
"6794";"13";"138";"1st Lucky Gloves Ticket";"Não";"Sim";"Não";"Não";"Não";"baú no cliente";"Não";"";"";"0 0 0 0 1 0 0"
"6795";"13";"139";"1st Lucky Boots Ticket";"Não";"Sim";"Não";"Não";"Não";"baú no cliente";"Não";"";"";"0 0 0 0 1 0 0"
"6796";"13";"140";"2nd Lucky Armor Ticket";"Não";"Sim";"Não";"Não";"Não";"baú no cliente";"Não";"";"";"0 0 0 0 1 0 0"
"6797";"13";"141";"2nd Lucky Pants Ticket";"Não";"Sim";"Não";"Não";"Não";"baú no cliente";"Não";"";"";"0 0 0 0 1 0 0"
"6798";"13";"142";"2nd Lucky Helm Ticket";"Não";"Sim";"Não";"Não";"Não";"baú no cliente";"Não";"";"";"0 0 0 0 1 0 0"
"6799";"13";"143";"2nd Lucky Gloves Ticket";"Não";"Sim";"Não";"Não";"Não";"baú no cliente";"Não";"";"";"0 0 0 0 1 0 0"
"6800";"13";"144";"2nd Lucky Boots Ticket";"Não";"Sim";"Não";"Não";"Não";"baú no cliente";"Não";"";"";"0 0 0 0 1 0 0"
"6804";"13";"148";"Green Ink";"Não";"Sim";"Não";"Não";"Não";"baú no cliente";"Não";"";"";"0 0 0 0 1 0 0"
"6805";"13";"149";"Blue Ink";"Não";"Sim";"Não";"Não";"Não";"baú no cliente";"Não";"";"";"0 0 0 0 1 0 0"
"6806";"13";"150";"Red Ink";"Não";"Sim";"Não";"Não";"Não";"baú no cliente";"Não";"";"";"0 0 0 0 1 0 0"
"6807";"13";"151";"Parchment of Soul";"Não";"Sim";"Não";"Não";"Não";"baú no cliente";"Não";"";"";"0 0 0 0 1 0 0"
"6808";"13";"152";"Scroll of Green Oblivion";"Sim";"Não";"Não";"Sim";"Sim";"venda no cliente";"Não";"";"";"0 1 1 1 0 0 0"
"6809";"13";"153";"Scroll of Blue Oblivion";"Sim";"Não";"Não";"Sim";"Sim";"venda no cliente";"Não";"";"";"0 1 1 1 0 0 0"
"6810";"13";"154";"Scroll of Red Oblivion";"Sim";"Não";"Não";"Sim";"Sim";"venda no cliente";"Não";"";"";"0 1 1 1 0 0 0"
"6811";"13";"155";"Scroll of Gray Oblivion";"Sim";"Não";"Não";"Sim";"Sim";"venda no cliente";"Não";"";"";"0 1 1 1 0 0 0"
"6812";"13";"156";"Sealed Green Oblivion Scroll";"Sim";"Não";"Não";"Não";"Não";"venda no cliente";"Não";"";"";"0 0 0 1 0 0 0"
"6813";"13";"157";"Sealed Blue Oblivion Scroll";"Sim";"Não";"Não";"Não";"Não";"venda no cliente";"Não";"";"";"0 0 0 1 0 0 0"
"6814";"13";"158";"Sealed Red Oblivion  Scroll";"Sim";"Não";"Não";"Não";"Não";"venda no cliente";"Não";"";"";"0 0 0 1 0 0 0"
"6815";"13";"159";"Sealed Gray Oblivion Scroll";"Sim";"Não";"Não";"Não";"Não";"venda no cliente";"Não";"";"";"0 0 0 1 0 0 0"
"6816";"13";"160";"Protection Talisman";"Não";"Não";"Não";"Não";"Não";"baú no cliente, venda no cliente";"Não";"";"Tudo bloqueado no cliente: não sai do inventário";"0 0 0 0 0 0 0"
"6817";"13";"161";"Cooperation Talisman";"Não";"Não";"Não";"Não";"Não";"baú no cliente, venda no cliente";"Não";"";"Tudo bloqueado no cliente: não sai do inventário";"0 0 0 0 0 0 0"
"6833";"13";"177";"Talisman of Ascension I";"Não";"Sim";"Não";"Não";"Não";"baú no cliente";"Não";"";"Muun";"0 0 0 0 1 1 0"
"6834";"13";"178";"Talisman of Ascension II";"Não";"Sim";"Não";"Não";"Não";"baú no cliente";"Não";"";"Muun";"0 0 0 0 1 1 0"
"6835";"13";"179";"Talisman of Ascension III";"Não";"Sim";"Não";"Não";"Não";"baú no cliente";"Não";"";"Muun";"0 0 0 0 1 1 0"
"6836";"13";"180";"Seal of Asecnsion II";"Não";"Não";"Não";"Não";"Não";"baú no cliente, venda no cliente";"Não";"";"Tudo bloqueado no cliente: não sai do inventário";"0 0 0 0 0 0 0"
"6837";"13";"181";"Master Seal of Ascension II";"Não";"Não";"Não";"Não";"Não";"baú no cliente, venda no cliente";"Não";"";"Tudo bloqueado no cliente: não sai do inventário";"0 0 0 0 0 0 0"
"6866";"13";"210";"WereRabbit Egg";"Não";"Não";"Não";"Não";"Não";"baú no cliente, venda no cliente";"Não";"";"Tudo bloqueado no cliente: não sai do inventário";"0 0 0 0 0 0 0"
"6867";"13";"211";"Evolution Stone";"Não";"Sim";"Não";"Não";"Não";"baú no cliente";"Não";"";"Muun";"0 0 0 0 1 1 0"
"6868";"13";"212";"Luki";"Não";"Sim";"Não";"Não";"Não";"baú no cliente";"Não";"";"Muun";"0 0 0 0 1 1 0"
"6869";"13";"213";"Luki (Evolved)";"Não";"Sim";"Não";"Não";"Não";"baú no cliente";"Não";"";"Muun";"0 0 0 0 1 1 0"
"6870";"13";"214";"Tony";"Não";"Sim";"Não";"Não";"Não";"baú no cliente";"Não";"";"Muun";"0 0 0 0 1 1 0"
"6871";"13";"215";"Tony (Evolved)";"Não";"Sim";"Não";"Não";"Não";"baú no cliente";"Não";"";"Muun";"0 0 0 0 1 1 0"
"6872";"13";"216";"Nymph";"Não";"Sim";"Não";"Não";"Não";"baú no cliente";"Não";"";"Muun";"0 0 0 0 1 1 0"
"6873";"13";"217";"Nymph (Evolved)";"Não";"Sim";"Não";"Não";"Não";"baú no cliente";"Não";"";"Muun";"0 0 0 0 1 1 0"
"6874";"13";"218";"Safi";"Não";"Sim";"Não";"Não";"Não";"baú no cliente";"Não";"";"Muun";"0 0 0 0 1 1 0"
"6875";"13";"219";"Safi (Evolved)";"Não";"Sim";"Não";"Não";"Não";"baú no cliente";"Não";"";"Muun";"0 0 0 0 1 1 0"
"6876";"13";"220";"Lucky Bag Egg";"Não";"Não";"Não";"Não";"Não";"baú no cliente, venda no cliente";"Não";"";"Tudo bloqueado no cliente: não sai do inventário";"0 0 0 0 0 0 0"
"6877";"13";"221";"Fire Flame Ghost Egg";"Não";"Não";"Não";"Não";"Não";"baú no cliente, venda no cliente";"Não";"";"Tudo bloqueado no cliente: não sai do inventário";"0 0 0 0 0 0 0"
"6878";"13";"222";"Premium Muun Egg";"Não";"Não";"Não";"Não";"Não";"baú no cliente, venda no cliente";"Não";"";"Tudo bloqueado no cliente: não sai do inventário";"0 0 0 0 0 0 0"
"6879";"13";"223";"William";"Não";"Sim";"Não";"Não";"Não";"baú no cliente";"Não";"";"Muun";"0 0 0 0 1 1 0"
"6880";"13";"224";"William (Evolved)";"Não";"Sim";"Não";"Não";"Não";"baú no cliente";"Não";"";"Muun";"0 0 0 0 1 1 0"
"6881";"13";"225";"Paul";"Não";"Sim";"Não";"Não";"Não";"baú no cliente";"Não";"";"Muun";"0 0 0 0 1 1 0"
"6882";"13";"226";"Paul (Evolved)";"Não";"Sim";"Não";"Não";"Não";"baú no cliente";"Não";"";"Muun";"0 0 0 0 1 1 0"
"6883";"13";"227";"Chiron";"Não";"Sim";"Não";"Não";"Não";"baú no cliente";"Não";"";"Muun";"0 0 0 0 1 1 0"
"6884";"13";"228";"Chiron (Evolved)";"Não";"Sim";"Não";"Não";"Não";"baú no cliente";"Não";"";"Muun";"0 0 0 0 1 1 0"
"6885";"13";"229";"Wooparoo";"Não";"Sim";"Não";"Não";"Não";"baú no cliente";"Não";"";"Muun";"0 0 0 0 1 1 0"
"6886";"13";"230";"Wooparoo (Evolved)";"Não";"Sim";"Não";"Não";"Não";"baú no cliente";"Não";"";"Muun";"0 0 0 0 1 1 0"
"6887";"13";"231";"Tibetton";"Não";"Sim";"Não";"Não";"Não";"baú no cliente";"Não";"";"Muun";"0 0 0 0 1 1 0"
"6888";"13";"232";"Tibetton (Evolved)";"Não";"Sim";"Não";"Não";"Não";"baú no cliente";"Não";"";"Muun";"0 0 0 0 1 1 0"
"6889";"13";"233";"Witch";"Não";"Sim";"Não";"Não";"Não";"baú no cliente";"Não";"";"Muun";"0 0 0 0 1 1 0"
"6890";"13";"234";"Witch (evolved)";"Não";"Sim";"Não";"Não";"Não";"baú no cliente";"Não";"";"Muun";"0 0 0 0 1 1 0"
"6891";"13";"235";"Skull";"Não";"Sim";"Não";"Não";"Não";"baú no cliente";"Não";"";"Muun";"0 0 0 0 1 1 0"
"6892";"13";"236";"Skull (evolved)";"Não";"Sim";"Não";"Não";"Não";"baú no cliente";"Não";"";"Muun";"0 0 0 0 1 1 0"
"6893";"13";"237";"Pumpy";"Não";"Sim";"Não";"Não";"Não";"baú no cliente";"Não";"";"Muun";"0 0 0 0 1 1 0"
"6894";"13";"238";"Pumpy (evolved)";"Não";"Sim";"Não";"Não";"Não";"baú no cliente";"Não";"";"Muun";"0 0 0 0 1 1 0"
"6895";"13";"239";"Muun Energy Converter";"Não";"Sim";"Não";"Não";"Não";"baú no cliente";"Não";"";"Muun";"0 0 0 0 1 1 0"
"6896";"13";"240";"Wizardry Stone";"Não";"Sim";"Não";"Não";"Não";"baú no cliente";"Não";"";"Muun";"0 0 0 0 1 1 0"
"6897";"13";"241";"Savath";"Não";"Sim";"Não";"Não";"Não";"baú no cliente";"Não";"";"Muun";"0 0 0 0 1 1 0"
"6898";"13";"242";"Savath (Evolved)";"Não";"Sim";"Não";"Não";"Não";"baú no cliente";"Não";"";"Muun";"0 0 0 0 1 1 0"
"6899";"13";"243";"Lycan";"Não";"Sim";"Não";"Não";"Não";"baú no cliente";"Não";"";"Muun";"0 0 0 0 1 1 0"
"6900";"13";"244";"Lycan (Evolved)";"Não";"Sim";"Não";"Não";"Não";"baú no cliente";"Não";"";"Muun";"0 0 0 0 1 1 0"
"6901";"13";"245";"Torby";"Não";"Sim";"Não";"Não";"Não";"baú no cliente";"Não";"";"Muun";"0 0 0 0 1 1 0"
"6902";"13";"246";"Torby (Evolved)";"Não";"Sim";"Não";"Não";"Não";"baú no cliente";"Não";"";"Muun";"0 0 0 0 1 1 0"
"6908";"13";"252";"Seiren";"Não";"Sim";"Não";"Não";"Não";"baú no cliente";"Não";"";"Muun";"0 0 0 0 1 1 0"
"6909";"13";"253";"Seiren (Evolved)";"Não";"Sim";"Não";"Não";"Não";"baú no cliente";"Não";"";"Muun";"0 0 0 0 1 1 0"
"6910";"13";"254";"Behemoth";"Não";"Sim";"Não";"Não";"Não";"baú no cliente";"Não";"";"Muun";"0 0 0 0 1 1 0"
"6911";"13";"255";"Behemoth (Evolved)";"Não";"Sim";"Não";"Não";"Não";"baú no cliente";"Não";"";"Muun";"0 0 0 0 1 1 0"
"6912";"13";"256";"Loggle";"Não";"Sim";"Não";"Não";"Não";"baú no cliente";"Não";"";"Muun";"0 0 0 0 1 1 0"
"6913";"13";"257";"Loggle (Evolved)";"Não";"Sim";"Não";"Não";"Não";"baú no cliente";"Não";"";"Muun";"0 0 0 0 1 1 0"
"6914";"13";"258";"Mino";"Não";"Sim";"Não";"Não";"Não";"baú no cliente";"Não";"";"Muun";"0 0 0 0 1 1 0"
"6915";"13";"259";"Mino (Evolved)";"Não";"Sim";"Não";"Não";"Não";"baú no cliente";"Não";"";"Muun";"0 0 0 0 1 1 0"
"6916";"13";"260";"Hound";"Não";"Sim";"Não";"Não";"Não";"baú no cliente";"Não";"";"Muun";"0 0 0 0 1 1 0"
"6917";"13";"261";"Hound (Evolved)";"Não";"Sim";"Não";"Não";"Não";"baú no cliente";"Não";"";"Muun";"0 0 0 0 1 1 0"
"6918";"13";"262";"Trive";"Não";"Sim";"Não";"Não";"Não";"baú no cliente";"Não";"";"Muun";"0 0 0 0 1 1 0"
"6919";"13";"263";"Trive (Evolved)";"Não";"Sim";"Não";"Não";"Não";"baú no cliente";"Não";"";"Muun";"0 0 0 0 1 1 0"
"6920";"13";"264";"Vogan";"Não";"Sim";"Não";"Não";"Não";"baú no cliente";"Não";"";"Muun";"0 0 0 0 1 1 0"
"6921";"13";"265";"Vogan (Evolved)";"Não";"Sim";"Não";"Não";"Não";"baú no cliente";"Não";"";"Muun";"0 0 0 0 1 1 0"
"6922";"13";"266";"Cyclop";"Não";"Sim";"Não";"Não";"Não";"baú no cliente";"Não";"";"Muun";"0 0 0 0 1 1 0"
"6923";"13";"267";"Cyclop (Evolved)";"Não";"Sim";"Não";"Não";"Não";"baú no cliente";"Não";"";"Muun";"0 0 0 0 1 1 0"
"6926";"13";"270";"Bonf";"Não";"Sim";"Não";"Não";"Não";"baú no cliente";"Não";"";"Muun";"0 0 0 0 1 1 0"
"6927";"13";"271";"Bonf (Evolved)";"Não";"Sim";"Não";"Não";"Não";"baú no cliente";"Não";"";"Muun";"0 0 0 0 1 1 0"
"6928";"13";"272";"Hawk";"Não";"Sim";"Não";"Não";"Não";"baú no cliente";"Não";"";"Muun";"0 0 0 0 1 1 0"
"6929";"13";"273";"Hawk (Evolved)";"Não";"Sim";"Não";"Não";"Não";"baú no cliente";"Não";"";"Muun";"0 0 0 0 1 1 0"
"6930";"13";"274";"Muty";"Não";"Sim";"Não";"Não";"Não";"baú no cliente";"Não";"";"Muun";"0 0 0 0 1 1 0"
"6931";"13";"275";"Muty (Evolved)";"Não";"Sim";"Não";"Não";"Não";"baú no cliente";"Não";"";"Muun";"0 0 0 0 1 1 0"
"6932";"13";"276";"Conqueror's Badge";"Sim";"Não";"Não";"Sim";"Sim";"venda no cliente";"Não";"";"";"0 1 1 1 0 0 0"
"6933";"13";"277";"Badge of Hardships";"Sim";"Não";"Não";"Sim";"Sim";"venda no cliente";"Não";"";"";"0 1 1 1 0 0 0"
"6934";"13";"278";"Mantis";"Não";"Sim";"Não";"Não";"Não";"baú no cliente";"Não";"";"Muun";"0 0 0 0 1 1 0"
"6935";"13";"279";"Mantis (Evolved)";"Não";"Sim";"Não";"Não";"Não";"baú no cliente";"Não";"";"Muun";"0 0 0 0 1 1 0"
"6936";"13";"280";"Scolpy";"Não";"Sim";"Não";"Não";"Não";"baú no cliente";"Não";"";"Muun";"0 0 0 0 1 1 0"
"6937";"13";"281";"Scolpy (Evolved)";"Não";"Sim";"Não";"Não";"Não";"baú no cliente";"Não";"";"Muun";"0 0 0 0 1 1 0"
"6938";"13";"282";"Chafer";"Não";"Sim";"Não";"Não";"Não";"baú no cliente";"Não";"";"Muun";"0 0 0 0 1 1 0"
"6939";"13";"283";"Chafer (Evolved)";"Não";"Sim";"Não";"Não";"Não";"baú no cliente";"Não";"";"Muun";"0 0 0 0 1 1 0"
"6946";"13";"290";"Cosplay Girl";"Não";"Sim";"Não";"Não";"Não";"baú no cliente";"Não";"";"Muun";"0 0 0 0 1 1 0"
"6947";"13";"291";"Cosplay Girl (Evolved)";"Não";"Sim";"Não";"Não";"Não";"baú no cliente";"Não";"";"Muun";"0 0 0 0 1 1 0"
"6948";"13";"292";"Cheer Girl";"Não";"Sim";"Não";"Não";"Não";"baú no cliente";"Não";"";"Muun";"0 0 0 0 1 1 0"
"6949";"13";"293";"Cheer Girl (Evolved)";"Não";"Sim";"Não";"Não";"Não";"baú no cliente";"Não";"";"Muun";"0 0 0 0 1 1 0"
"6950";"13";"294";"Sporty Girl";"Não";"Sim";"Não";"Não";"Não";"baú no cliente";"Não";"";"Muun";"0 0 0 0 1 1 0"
"6951";"13";"295";"Sporty Girl (Evolved)";"Não";"Sim";"Não";"Não";"Não";"baú no cliente";"Não";"";"Muun";"0 0 0 0 1 1 0"
"6952";"13";"296";"Baal";"Não";"Sim";"Não";"Não";"Não";"baú no cliente";"Não";"";"Muun";"0 0 0 0 1 1 0"
"6953";"13";"297";"Baal (Evolved)";"Não";"Sim";"Não";"Não";"Não";"baú no cliente";"Não";"";"Muun";"0 0 0 0 1 1 0"
"6954";"13";"298";"Gaap";"Não";"Sim";"Não";"Não";"Não";"baú no cliente";"Não";"";"Muun";"0 0 0 0 1 1 0"
"6955";"13";"299";"Gaap (Evolved)";"Não";"Sim";"Não";"Não";"Não";"baú no cliente";"Não";"";"Muun";"0 0 0 0 1 1 0"
"6956";"13";"300";"Taaf";"Não";"Sim";"Não";"Não";"Não";"baú no cliente";"Não";"";"Muun";"0 0 0 0 1 1 0"
"6957";"13";"301";"Taaf (Evolved)";"Não";"Sim";"Não";"Não";"Não";"baú no cliente";"Não";"";"Muun";"0 0 0 0 1 1 0"
"6958";"13";"302";"Frozen";"Não";"Sim";"Não";"Não";"Não";"baú no cliente";"Não";"";"Muun";"0 0 0 0 1 1 0"
"6959";"13";"303";"Frozen(Evolved)";"Não";"Sim";"Não";"Não";"Não";"baú no cliente";"Não";"";"Muun";"0 0 0 0 1 1 0"
"6960";"13";"304";"Loor";"Não";"Sim";"Não";"Não";"Não";"baú no cliente";"Não";"";"Muun";"0 0 0 0 1 1 0"
"6961";"13";"305";"Loor(Evolved)";"Não";"Sim";"Não";"Não";"Não";"baú no cliente";"Não";"";"Muun";"0 0 0 0 1 1 0"
"6962";"13";"306";"Purssil";"Não";"Sim";"Não";"Não";"Não";"baú no cliente";"Não";"";"Muun";"0 0 0 0 1 1 0"
"6963";"13";"307";"Purssil(Evolved)";"Não";"Sim";"Não";"Não";"Não";"baú no cliente";"Não";"";"Muun";"0 0 0 0 1 1 0"
"6964";"13";"308";"Lucky Rabbit";"Não";"Sim";"Não";"Não";"Não";"baú no cliente";"Não";"";"Muun";"0 0 0 0 1 1 0"
"6965";"13";"309";"Lucky Rabbit (Evolved)";"Não";"Sim";"Não";"Não";"Não";"baú no cliente";"Não";"";"Muun";"0 0 0 0 1 1 0"
"6966";"13";"310";"Songpyeon Rabbit";"Não";"Sim";"Não";"Não";"Não";"baú no cliente";"Não";"";"Muun";"0 0 0 0 1 1 0"
"6967";"13";"311";"Songpyeon Rabbit (Evolved)";"Não";"Sim";"Não";"Não";"Não";"baú no cliente";"Não";"";"Muun";"0 0 0 0 1 1 0"
"6968";"13";"312";"Mortar Rabbit";"Não";"Sim";"Não";"Não";"Não";"baú no cliente";"Não";"";"Muun";"0 0 0 0 1 1 0"
"6969";"13";"313";"Mortar Rabbit (Evolved)";"Não";"Sim";"Não";"Não";"Não";"baú no cliente";"Não";"";"Muun";"0 0 0 0 1 1 0"
"6970";"13";"314";"Tarius";"Não";"Sim";"Não";"Não";"Não";"baú no cliente";"Não";"";"Muun";"0 0 0 0 1 1 0"
"6971";"13";"315";"Tarius (Evolved)";"Não";"Sim";"Não";"Não";"Não";"baú no cliente";"Não";"";"Muun";"0 0 0 0 1 1 0"
"6972";"13";"316";"Rainer";"Não";"Sim";"Não";"Não";"Não";"baú no cliente";"Não";"";"Muun";"0 0 0 0 1 1 0"
"6973";"13";"317";"Rainer (Evolved)";"Não";"Sim";"Não";"Não";"Não";"baú no cliente";"Não";"";"Muun";"0 0 0 0 1 1 0"
"6974";"13";"318";"Alkamo";"Não";"Sim";"Não";"Não";"Não";"baú no cliente";"Não";"";"Muun";"0 0 0 0 1 1 0"
"6975";"13";"319";"Alkamo (Evolved)";"Não";"Sim";"Não";"Não";"Não";"baú no cliente";"Não";"";"Muun";"0 0 0 0 1 1 0"
"6976";"13";"320";"Glacuse";"Não";"Sim";"Não";"Não";"Não";"baú no cliente";"Não";"";"Muun";"0 0 0 0 1 1 0"
"6977";"13";"321";"Glacuse (Evolved)";"Não";"Sim";"Não";"Não";"Não";"baú no cliente";"Não";"";"Muun";"0 0 0 0 1 1 0"
"6978";"13";"322";"Kenturion";"Não";"Sim";"Não";"Não";"Não";"baú no cliente";"Não";"";"Muun";"0 0 0 0 1 1 0"
"6979";"13";"323";"Kenturion (Evolved)";"Não";"Sim";"Não";"Não";"Não";"baú no cliente";"Não";"";"Muun";"0 0 0 0 1 1 0"
"6980";"13";"324";"Rocka";"Não";"Sim";"Não";"Não";"Não";"baú no cliente";"Não";"";"Muun";"0 0 0 0 1 1 0"
"6981";"13";"325";"Rocka (Evolved)";"Não";"Sim";"Não";"Não";"Não";"baú no cliente";"Não";"";"Muun";"0 0 0 0 1 1 0"
"6982";"13";"326";"Repen";"Não";"Sim";"Não";"Não";"Não";"baú no cliente";"Não";"";"Muun";"0 0 0 0 1 1 0"
"6983";"13";"327";"Repen (Evolved)";"Não";"Sim";"Não";"Não";"Não";"baú no cliente";"Não";"";"Muun";"0 0 0 0 1 1 0"
"6984";"13";"328";"Pawn";"Não";"Sim";"Não";"Não";"Não";"baú no cliente";"Não";"";"Muun";"0 0 0 0 1 1 0"
"6985";"13";"329";"Pawn (Evolved)";"Não";"Sim";"Não";"Não";"Não";"baú no cliente";"Não";"";"Muun";"0 0 0 0 1 1 0"
"6986";"13";"330";"Grippus";"Não";"Sim";"Não";"Não";"Não";"baú no cliente";"Não";"";"Muun";"0 0 0 0 1 1 0"
"6987";"13";"331";"Grippus (Evolved)";"Não";"Sim";"Não";"Não";"Não";"baú no cliente";"Não";"";"Muun";"0 0 0 0 1 1 0"
"6988";"13";"332";"Polar Bear";"Não";"Sim";"Não";"Não";"Não";"baú no cliente";"Não";"";"Muun";"0 0 0 0 1 1 0"
"6989";"13";"333";"Polar Bear (Evolved)";"Não";"Sim";"Não";"Não";"Não";"baú no cliente";"Não";"";"Muun";"0 0 0 0 1 1 0"
"6990";"13";"334";"Present";"Não";"Sim";"Não";"Não";"Não";"baú no cliente";"Não";"";"Muun";"0 0 0 0 1 1 0"
"6991";"13";"335";"Present (Evolved)";"Não";"Sim";"Não";"Não";"Não";"baú no cliente";"Não";"";"Muun";"0 0 0 0 1 1 0"
"6992";"13";"336";"Rockinghorse";"Não";"Sim";"Não";"Não";"Não";"baú no cliente";"Não";"";"Muun";"0 0 0 0 1 1 0"
"6993";"13";"337";"Rockinghorse (Evolved)";"Não";"Sim";"Não";"Não";"Não";"baú no cliente";"Não";"";"Muun";"0 0 0 0 1 1 0"
"6994";"13";"338";"Aries";"Não";"Sim";"Não";"Não";"Não";"baú no cliente";"Não";"";"Muun";"0 0 0 0 1 1 0"
"6995";"13";"339";"Aries (Evolved)";"Não";"Sim";"Não";"Não";"Não";"baú no cliente";"Não";"";"Muun";"0 0 0 0 1 1 0"
"6996";"13";"340";"Lester";"Não";"Sim";"Não";"Não";"Não";"baú no cliente";"Não";"";"Muun";"0 0 0 0 1 1 0"
"6997";"13";"341";"Lester (Evolved)";"Não";"Sim";"Não";"Não";"Não";"baú no cliente";"Não";"";"Muun";"0 0 0 0 1 1 0"
"6998";"13";"342";"Merino";"Não";"Sim";"Não";"Não";"Não";"baú no cliente";"Não";"";"Muun";"0 0 0 0 1 1 0"
"6999";"13";"343";"Merino (Evolved)";"Não";"Sim";"Não";"Não";"Não";"baú no cliente";"Não";"";"Muun";"0 0 0 0 1 1 0"
"7000";"13";"344";"Splinter";"Não";"Sim";"Não";"Não";"Não";"baú no cliente";"Não";"";"Muun";"0 0 0 0 1 1 0"
"7001";"13";"345";"Splinter(Evolved)";"Não";"Sim";"Não";"Não";"Não";"baú no cliente";"Não";"";"Muun";"0 0 0 0 1 1 0"
"7002";"13";"346";"Mutation";"Não";"Sim";"Não";"Não";"Não";"baú no cliente";"Não";"";"Muun";"0 0 0 0 1 1 0"
"7003";"13";"347";"Mutation(Evolved)";"Não";"Sim";"Não";"Não";"Não";"baú no cliente";"Não";"";"Muun";"0 0 0 0 1 1 0"
"7004";"13";"348";"Pider";"Não";"Sim";"Não";"Não";"Não";"baú no cliente";"Não";"";"Muun";"0 0 0 0 1 1 0"
"7005";"13";"349";"Pider(Evolved)";"Não";"Sim";"Não";"Não";"Não";"baú no cliente";"Não";"";"Muun";"0 0 0 0 1 1 0"
"7006";"13";"350";"Muun Egg";"Não";"Não";"Não";"Não";"Não";"baú no cliente, venda no cliente";"Não";"";"Tudo bloqueado no cliente: não sai do inventário";"0 0 0 0 0 0 0"
"7007";"13";"351";"Bloodangel Armor of Sealed Fury";"Sim";"Não";"Não";"Sim";"Sim";"venda no cliente";"Não";"";"";"0 1 1 1 0 0 0"
"7008";"13";"352";"Bloodangel Helm of Sealed Fury";"Sim";"Não";"Não";"Sim";"Sim";"venda no cliente";"Não";"";"";"0 1 1 1 0 0 0"
"7009";"13";"353";"Bloodangel Pants of Sealed Fury";"Sim";"Não";"Não";"Sim";"Sim";"venda no cliente";"Não";"";"";"0 1 1 1 0 0 0"
"7010";"13";"354";"Bloodangel Boots of Sealed Fury";"Sim";"Não";"Não";"Sim";"Sim";"venda no cliente";"Não";"";"";"0 1 1 1 0 0 0"
"7011";"13";"355";"Bloodangel Armor of Sealed Vengeance";"Sim";"Não";"Não";"Sim";"Sim";"venda no cliente";"Não";"";"";"0 1 1 1 0 0 0"
"7012";"13";"356";"Bloodangel Helm of Sealed Vengeance";"Sim";"Não";"Não";"Sim";"Sim";"venda no cliente";"Não";"";"";"0 1 1 1 0 0 0"
"7013";"13";"357";"Bloodangel Pants of Sealed Vengeance";"Sim";"Não";"Não";"Sim";"Sim";"venda no cliente";"Não";"";"";"0 1 1 1 0 0 0"
"7014";"13";"358";"Bloodangel Gloves of Sealed Vengeance";"Sim";"Não";"Não";"Sim";"Sim";"venda no cliente";"Não";"";"";"0 1 1 1 0 0 0"
"7015";"13";"359";"Bloodangel Armor of Sealed Transcendence";"Sim";"Não";"Não";"Sim";"Sim";"venda no cliente";"Não";"";"";"0 1 1 1 0 0 0"
"7016";"13";"360";"Bloodangel Helm of Sealed Transcendence";"Sim";"Não";"Não";"Sim";"Sim";"venda no cliente";"Não";"";"";"0 1 1 1 0 0 0"
"7017";"13";"361";"Bloodangel Pants of Sealed Transcendence";"Sim";"Não";"Não";"Sim";"Sim";"venda no cliente";"Não";"";"";"0 1 1 1 0 0 0"
"7018";"13";"362";"Bloodangel Gloves of Sealed Transcendence";"Sim";"Não";"Não";"Sim";"Sim";"venda no cliente";"Não";"";"";"0 1 1 1 0 0 0"
"7019";"13";"363";"Bloodangel Armor of Sealed Flurry";"Sim";"Não";"Não";"Sim";"Sim";"venda no cliente";"Não";"";"";"0 1 1 1 0 0 0"
"7020";"13";"364";"Bloodangel Helm of Sealed Flurry";"Sim";"Não";"Não";"Sim";"Sim";"venda no cliente";"Não";"";"";"0 1 1 1 0 0 0"
"7021";"13";"365";"Bloodangel Pants of Sealed Flurry";"Sim";"Não";"Não";"Sim";"Sim";"venda no cliente";"Não";"";"";"0 1 1 1 0 0 0"
"7022";"13";"366";"Bloodangel Gloves of Sealed Flurry";"Sim";"Não";"Não";"Sim";"Sim";"venda no cliente";"Não";"";"";"0 1 1 1 0 0 0"
"7023";"13";"367";"Bloodangel Armor of Sealed Redemption";"Sim";"Não";"Não";"Sim";"Sim";"venda no cliente";"Não";"";"";"0 1 1 1 0 0 0"
"7024";"13";"368";"Bloodangel Helm of Sealed Redemption";"Sim";"Não";"Não";"Sim";"Sim";"venda no cliente";"Não";"";"";"0 1 1 1 0 0 0"
"7025";"13";"369";"Bloodangel Pants of Sealed Redemption";"Sim";"Não";"Não";"Sim";"Sim";"venda no cliente";"Não";"";"";"0 1 1 1 0 0 0"
"7026";"13";"370";"Bloodangel Gloves of Sealed Redemption";"Sim";"Não";"Não";"Sim";"Sim";"venda no cliente";"Não";"";"";"0 1 1 1 0 0 0"
"7027";"13";"371";"Bloodangel Armor of Sealed Extremity";"Sim";"Não";"Não";"Sim";"Sim";"venda no cliente";"Não";"";"";"0 1 1 1 0 0 0"
"7028";"13";"372";"Bloodangel Boots of Sealed Extremity";"Sim";"Não";"Não";"Sim";"Sim";"venda no cliente";"Não";"";"";"0 1 1 1 0 0 0"
"7029";"13";"373";"Bloodangel Pants of Sealed Extremity";"Sim";"Não";"Não";"Sim";"Sim";"venda no cliente";"Não";"";"";"0 1 1 1 0 0 0"
"7030";"13";"374";"Bloodangel Gloves of Sealed Extremity";"Sim";"Não";"Não";"Sim";"Sim";"venda no cliente";"Não";"";"";"0 1 1 1 0 0 0"
"7031";"13";"375";"Bloodangel Armor of Sealed Captivation";"Sim";"Não";"Não";"Sim";"Sim";"venda no cliente";"Não";"";"";"0 1 1 1 0 0 0"
"7032";"13";"376";"Bloodangel Boots of Sealed Captivation";"Sim";"Não";"Não";"Sim";"Sim";"venda no cliente";"Não";"";"";"0 1 1 1 0 0 0"
"7033";"13";"377";"Bloodangel Pants of Sealed Captivation";"Sim";"Não";"Não";"Sim";"Sim";"venda no cliente";"Não";"";"";"0 1 1 1 0 0 0"
"7034";"13";"378";"Bloodangel Gloves of Sealed Captivation";"Sim";"Não";"Não";"Sim";"Sim";"venda no cliente";"Não";"";"";"0 1 1 1 0 0 0"
"7035";"13";"379";"Bloodangel Armor of Sealed Conquest";"Sim";"Não";"Não";"Sim";"Sim";"venda no cliente";"Não";"";"";"0 1 1 1 0 0 0"
"7036";"13";"380";"Bloodangel Helm of Sealed Conquest";"Sim";"Não";"Não";"Sim";"Sim";"venda no cliente";"Não";"";"";"0 1 1 1 0 0 0"
"7037";"13";"381";"Bloodangel Pants of Sealed Conquest";"Sim";"Não";"Não";"Sim";"Sim";"venda no cliente";"Não";"";"";"0 1 1 1 0 0 0"
"7038";"13";"382";"Bloodangel Gloves of Sealed Conquest";"Sim";"Não";"Não";"Sim";"Sim";"venda no cliente";"Não";"";"";"0 1 1 1 0 0 0"
"7043";"13";"387";"Bloodangel Armor of Sealed Honor";"Sim";"Não";"Não";"Sim";"Sim";"venda no cliente";"Não";"";"";"0 1 1 1 0 0 0"
"7044";"13";"388";"Bloodangel Helm of Sealed Honor";"Sim";"Não";"Não";"Sim";"Sim";"venda no cliente";"Não";"";"";"0 1 1 1 0 0 0"
"7045";"13";"389";"Bloodangel Pants of Sealed Honor";"Sim";"Não";"Não";"Sim";"Sim";"venda no cliente";"Não";"";"";"0 1 1 1 0 0 0"
"7046";"13";"390";"Bloodangel Gloves of Sealed Honor";"Sim";"Não";"Não";"Sim";"Sim";"venda no cliente";"Não";"";"";"0 1 1 1 0 0 0"
"7047";"13";"391";"Bloodangel Armor of Sealed Destruction";"Sim";"Não";"Não";"Sim";"Sim";"venda no cliente";"Não";"";"";"0 1 1 1 0 0 0"
"7048";"13";"392";"Bloodangel Helm of Sealed Destruction";"Sim";"Não";"Não";"Sim";"Sim";"venda no cliente";"Não";"";"";"0 1 1 1 0 0 0"
"7049";"13";"393";"Bloodangel Pants of Sealed Destruction";"Sim";"Não";"Não";"Sim";"Sim";"venda no cliente";"Não";"";"";"0 1 1 1 0 0 0"
"7050";"13";"394";"Bloodangel Boots of Sealed Destruction";"Sim";"Não";"Não";"Sim";"Sim";"venda no cliente";"Não";"";"";"0 1 1 1 0 0 0"
"7055";"13";"399";"Bloodangel Armor of Sealed Tenacity";"Sim";"Não";"Não";"Sim";"Sim";"venda no cliente";"Não";"";"";"0 1 1 1 0 0 0"
"7056";"13";"400";"Bloodangel Helm of Sealed Tenacity";"Sim";"Não";"Não";"Sim";"Sim";"venda no cliente";"Não";"";"";"0 1 1 1 0 0 0"
"7057";"13";"401";"Bloodangel Pants of Sealed Tenacity";"Sim";"Não";"Não";"Sim";"Sim";"venda no cliente";"Não";"";"";"0 1 1 1 0 0 0"
"7058";"13";"402";"Bloodangel Gloves of Sealed Tenacity";"Sim";"Não";"Não";"Sim";"Sim";"venda no cliente";"Não";"";"";"0 1 1 1 0 0 0"
"7063";"13";"407";"Bloodangel Soul";"Sim";"Não";"Não";"Sim";"Sim";"venda no cliente";"Não";"";"";"0 1 1 1 0 0 0"
"7064";"13";"408";"Pendant of Ability (Bound)";"Não";"Sim";"Não";"Não";"Não";"baú no cliente";"Não";"";"Preso ao personagem (Bound)";"0 0 0 0 1 1 1"
"7065";"13";"409";"Heywood";"Não";"Sim";"Não";"Não";"Não";"baú no cliente";"Não";"";"Muun";"0 0 0 0 1 1 0"
"7066";"13";"410";"Heywood(Evolved)";"Não";"Sim";"Não";"Não";"Não";"baú no cliente";"Não";"";"Muun";"0 0 0 0 1 1 0"
"7067";"13";"411";"Branch";"Não";"Sim";"Não";"Não";"Não";"baú no cliente";"Não";"";"Muun";"0 0 0 0 1 1 0"
"7068";"13";"412";"Branch(Evolved)";"Não";"Sim";"Não";"Não";"Não";"baú no cliente";"Não";"";"Muun";"0 0 0 0 1 1 0"
"7069";"13";"413";"Hook";"Não";"Sim";"Não";"Não";"Não";"baú no cliente";"Não";"";"Muun";"0 0 0 0 1 1 0"
"7070";"13";"414";"Hook(Evolved)";"Não";"Sim";"Não";"Não";"Não";"baú no cliente";"Não";"";"Muun";"0 0 0 0 1 1 0"
"7071";"13";"415";"Carnifle";"Não";"Sim";"Não";"Não";"Não";"baú no cliente";"Não";"";"Muun";"0 0 0 0 1 1 0"
"7072";"13";"416";"Carnifle(Evolved)";"Não";"Sim";"Não";"Não";"Não";"baú no cliente";"Não";"";"Muun";"0 0 0 0 1 1 0"
"7073";"13";"417";"Mandora";"Não";"Sim";"Não";"Não";"Não";"baú no cliente";"Não";"";"Muun";"0 0 0 0 1 1 0"
"7074";"13";"418";"Mandora(Evolved)";"Não";"Sim";"Não";"Não";"Não";"baú no cliente";"Não";"";"Muun";"0 0 0 0 1 1 0"
"7075";"13";"419";"Treat";"Não";"Sim";"Não";"Não";"Não";"baú no cliente";"Não";"";"Muun";"0 0 0 0 1 1 0"
"7076";"13";"420";"Treat(Evolved)";"Não";"Sim";"Não";"Não";"Não";"baú no cliente";"Não";"";"Muun";"0 0 0 0 1 1 0"
"7077";"13";"421";"Rose Spirit";"Não";"Sim";"Não";"Não";"Não";"baú no cliente";"Não";"";"Muun";"0 0 0 0 1 1 0"
"7078";"13";"422";"Rose Spirit(Evolved)";"Não";"Sim";"Não";"Não";"Não";"baú no cliente";"Não";"";"Muun";"0 0 0 0 1 1 0"
"7079";"13";"423";"Freesia Spirit";"Não";"Sim";"Não";"Não";"Não";"baú no cliente";"Não";"";"Muun";"0 0 0 0 1 1 0"
"7080";"13";"424";"Freesia Spirit(Evolved)";"Não";"Sim";"Não";"Não";"Não";"baú no cliente";"Não";"";"Muun";"0 0 0 0 1 1 0"
"7081";"13";"425";"Cherry Blossom Spirit";"Não";"Sim";"Não";"Não";"Não";"baú no cliente";"Não";"";"Muun";"0 0 0 0 1 1 0"
"7082";"13";"426";"Cherry Blossom Spirit Evolve";"Não";"Sim";"Não";"Não";"Não";"baú no cliente";"Não";"";"Muun";"0 0 0 0 1 1 0"
"7083";"13";"427";"Gigantes";"Não";"Sim";"Não";"Não";"Não";"baú no cliente";"Não";"";"Muun";"0 0 0 0 1 1 0"
"7084";"13";"428";"Gigantes(Evolved)";"Não";"Sim";"Não";"Não";"Não";"baú no cliente";"Não";"";"Muun";"0 0 0 0 1 1 0"
"7085";"13";"429";"Mammoth";"Não";"Sim";"Não";"Não";"Não";"baú no cliente";"Não";"";"Muun";"0 0 0 0 1 1 0"
"7086";"13";"430";"Mammoth(Evolved)";"Não";"Sim";"Não";"Não";"Não";"baú no cliente";"Não";"";"Muun";"0 0 0 0 1 1 0"
"7087";"13";"431";"Walker";"Não";"Sim";"Não";"Não";"Não";"baú no cliente";"Não";"";"Muun";"0 0 0 0 1 1 0"
"7088";"13";"432";"Walker(Evolved)";"Não";"Sim";"Não";"Não";"Não";"baú no cliente";"Não";"";"Muun";"0 0 0 0 1 1 0"
"7089";"13";"433";"Surfing Girl";"Não";"Sim";"Não";"Não";"Não";"baú no cliente";"Não";"";"Muun";"0 0 0 0 1 1 0"
"7090";"13";"434";"Surfing Girl (Evolved)";"Não";"Sim";"Não";"Não";"Não";"baú no cliente";"Não";"";"Muun";"0 0 0 0 1 1 0"
"7091";"13";"435";"Tube Girl";"Não";"Sim";"Não";"Não";"Não";"baú no cliente";"Não";"";"Muun";"0 0 0 0 1 1 0"
"7092";"13";"436";"Tube Girl(Evolved)";"Não";"Sim";"Não";"Não";"Não";"baú no cliente";"Não";"";"Muun";"0 0 0 0 1 1 0"
"7093";"13";"437";"Snorkeling Girl";"Não";"Sim";"Não";"Não";"Não";"baú no cliente";"Não";"";"Muun";"0 0 0 0 1 1 0"
"7094";"13";"438";"Snorkeling Girl (Evolved)";"Não";"Sim";"Não";"Não";"Não";"baú no cliente";"Não";"";"Muun";"0 0 0 0 1 1 0"
"7095";"13";"439";"Commander";"Não";"Sim";"Não";"Não";"Não";"baú no cliente";"Não";"";"Muun";"0 0 0 0 1 1 0"
"7096";"13";"440";"Commander(Evolved)";"Não";"Sim";"Não";"Não";"Não";"baú no cliente";"Não";"";"Muun";"0 0 0 0 1 1 0"
"7097";"13";"441";"Lance Soldier";"Não";"Sim";"Não";"Não";"Não";"baú no cliente";"Não";"";"Muun";"0 0 0 0 1 1 0"
"7098";"13";"442";"Lance Soldier(Evolved)";"Não";"Sim";"Não";"Não";"Não";"baú no cliente";"Não";"";"Muun";"0 0 0 0 1 1 0"
"7099";"13";"443";"Bow Soldier";"Não";"Sim";"Não";"Não";"Não";"baú no cliente";"Não";"";"Muun";"0 0 0 0 1 1 0"
"7100";"13";"444";"Bow Soldier(Evolved)";"Não";"Sim";"Não";"Não";"Não";"baú no cliente";"Não";"";"Muun";"0 0 0 0 1 1 0"
"7101";"13";"445";"Hammer";"Não";"Sim";"Não";"Não";"Não";"baú no cliente";"Não";"";"Muun";"0 0 0 0 1 1 0"
"7102";"13";"446";"Hammer(Evolved)";"Não";"Sim";"Não";"Não";"Não";"baú no cliente";"Não";"";"Muun";"0 0 0 0 1 1 0"
"7103";"13";"447";"Refear";"Não";"Sim";"Não";"Não";"Não";"baú no cliente";"Não";"";"Muun";"0 0 0 0 1 1 0"
"7104";"13";"448";"Refear(Evolved)";"Não";"Sim";"Não";"Não";"Não";"baú no cliente";"Não";"";"Muun";"0 0 0 0 1 1 0"
"7105";"13";"449";"Axer";"Não";"Sim";"Não";"Não";"Não";"baú no cliente";"Não";"";"Muun";"0 0 0 0 1 1 0"
"7106";"13";"450";"Axer(Evolved)";"Não";"Sim";"Não";"Não";"Não";"baú no cliente";"Não";"";"Muun";"0 0 0 0 1 1 0"
"7107";"13";"451";"Pumpkin Girl";"Não";"Sim";"Não";"Não";"Não";"baú no cliente";"Não";"";"Muun";"0 0 0 0 1 1 0"
"7108";"13";"452";"Pumpkin Girl(Evolved)";"Não";"Sim";"Não";"Não";"Não";"baú no cliente";"Não";"";"Muun";"0 0 0 0 1 1 0"
"7109";"13";"453";"Ghost";"Não";"Sim";"Não";"Não";"Não";"baú no cliente";"Não";"";"Muun";"0 0 0 0 1 1 0"
"7110";"13";"454";"Ghost(Evolved)";"Não";"Sim";"Não";"Não";"Não";"baú no cliente";"Não";"";"Muun";"0 0 0 0 1 1 0"
"7111";"13";"455";"Mummified Boy";"Não";"Sim";"Não";"Não";"Não";"baú no cliente";"Não";"";"Muun";"0 0 0 0 1 1 0"
"7112";"13";"456";"Mummified Boy(Evolved)";"Não";"Sim";"Não";"Não";"Não";"baú no cliente";"Não";"";"Muun";"0 0 0 0 1 1 0"
"7113";"13";"457";"Chrysanthemum";"Não";"Sim";"Não";"Não";"Não";"baú no cliente";"Não";"";"Muun";"0 0 0 0 1 1 0"
"7114";"13";"458";"Chrysanthemum(Evolved)";"Não";"Sim";"Não";"Não";"Não";"baú no cliente";"Não";"";"Muun";"0 0 0 0 1 1 0"
"7115";"13";"459";"Maple";"Não";"Sim";"Não";"Não";"Não";"baú no cliente";"Não";"";"Muun";"0 0 0 0 1 1 0"
"7116";"13";"460";"Maple(Evolved)";"Não";"Sim";"Não";"Não";"Não";"baú no cliente";"Não";"";"Muun";"0 0 0 0 1 1 0"
"7117";"13";"461";"Ginkgo";"Não";"Sim";"Não";"Não";"Não";"baú no cliente";"Não";"";"Muun";"0 0 0 0 1 1 0"
"7118";"13";"462";"Ginkgo(Evolved)";"Não";"Sim";"Não";"Não";"Não";"baú no cliente";"Não";"";"Muun";"0 0 0 0 1 1 0"
"7119";"13";"463";"Ghost(Evolved)";"Não";"Sim";"Não";"Não";"Não";"baú no cliente";"Não";"";"Muun";"0 0 0 0 1 1 0"
"7120";"13";"464";"Mummified Boy(Evolved)";"Não";"Sim";"Não";"Não";"Não";"baú no cliente";"Não";"";"Muun";"0 0 0 0 1 1 0"
"7135";"13";"479";"Event Map Additional Entrance Ticket";"Não";"Sim";"Não";"Não";"Não";"baú no cliente";"Não";"";"";"0 0 0 0 1 0 0"
"7136";"13";"480";"Toy Soldier";"Não";"Sim";"Não";"Não";"Não";"baú no cliente";"Não";"";"Muun";"0 0 0 0 1 1 0"
"7137";"13";"481";"Toy Soldier (Evolved)";"Não";"Sim";"Não";"Não";"Não";"baú no cliente";"Não";"";"Muun";"0 0 0 0 1 1 0"
"7138";"13";"482";"Christmas Tree";"Não";"Sim";"Não";"Não";"Não";"baú no cliente";"Não";"";"Muun";"0 0 0 0 1 1 0"
"7139";"13";"483";"Christmas Tree (Evolved)";"Não";"Sim";"Não";"Não";"Não";"baú no cliente";"Não";"";"Muun";"0 0 0 0 1 1 0"
"7140";"13";"484";"Snowman";"Não";"Sim";"Não";"Não";"Não";"baú no cliente";"Não";"";"Muun";"0 0 0 0 1 1 0"
"7141";"13";"485";"Snowman (Evolved)";"Não";"Sim";"Não";"Não";"Não";"baú no cliente";"Não";"";"Muun";"0 0 0 0 1 1 0"
"7142";"13";"486";"Busker Monkey";"Não";"Sim";"Não";"Não";"Não";"baú no cliente";"Não";"";"Muun";"0 0 0 0 1 1 0"
"7143";"13";"487";"Busker Monkey (Evolved)";"Não";"Sim";"Não";"Não";"Não";"baú no cliente";"Não";"";"Muun";"0 0 0 0 1 1 0"
"7144";"13";"488";"DJ Monkey";"Não";"Sim";"Não";"Não";"Não";"baú no cliente";"Não";"";"Muun";"0 0 0 0 1 1 0"
"7145";"13";"489";"DJ Monkey (Evolved)";"Não";"Sim";"Não";"Não";"Não";"baú no cliente";"Não";"";"Muun";"0 0 0 0 1 1 0"
"7146";"13";"490";"Space Monkey";"Não";"Sim";"Não";"Não";"Não";"baú no cliente";"Não";"";"Muun";"0 0 0 0 1 1 0"
"7147";"13";"491";"Space Monkey (Evolved)";"Não";"Sim";"Não";"Não";"Não";"baú no cliente";"Não";"";"Muun";"0 0 0 0 1 1 0"
"7148";"13";"492";"Little Cupid";"Não";"Sim";"Não";"Não";"Não";"baú no cliente";"Não";"";"Muun";"0 0 0 0 1 1 0"
"7149";"13";"493";"Little Cupid (Evolved)";"Não";"Sim";"Não";"Não";"Não";"baú no cliente";"Não";"";"Muun";"0 0 0 0 1 1 0"
"7150";"13";"494";"Chocolate Cookie";"Não";"Sim";"Não";"Não";"Não";"baú no cliente";"Não";"";"Muun";"0 0 0 0 1 1 0"
"7151";"13";"495";"Chocolate Cookie (Evolved)";"Não";"Sim";"Não";"Não";"Não";"baú no cliente";"Não";"";"Muun";"0 0 0 0 1 1 0"
"7152";"13";"496";"Heart Girl";"Não";"Sim";"Não";"Não";"Não";"baú no cliente";"Não";"";"Muun";"0 0 0 0 1 1 0"
"7153";"13";"497";"Heart Girl (Evolved)";"Não";"Sim";"Não";"Não";"Não";"baú no cliente";"Não";"";"Muun";"0 0 0 0 1 1 0"
"7154";"13";"498";"Candy Girl";"Não";"Sim";"Não";"Não";"Não";"baú no cliente";"Não";"";"Muun";"0 0 0 0 1 1 0"
"7155";"13";"499";"Candy Girl (Evolved)";"Não";"Sim";"Não";"Não";"Não";"baú no cliente";"Não";"";"Muun";"0 0 0 0 1 1 0"
"7156";"13";"500";"Lollipop Mama";"Não";"Sim";"Não";"Não";"Não";"baú no cliente";"Não";"";"Muun";"0 0 0 0 1 1 0"
"7157";"13";"501";"Lollipop Mama (Evolved)";"Não";"Sim";"Não";"Não";"Não";"baú no cliente";"Não";"";"Muun";"0 0 0 0 1 1 0"
"7158";"13";"502";"Sweet Muscle Man";"Não";"Sim";"Não";"Não";"Não";"baú no cliente";"Não";"";"Muun";"0 0 0 0 1 1 0"
"7159";"13";"503";"Sweet Muscle Man (Evolved)";"Não";"Sim";"Não";"Não";"Não";"baú no cliente";"Não";"";"Muun";"0 0 0 0 1 1 0"
"7191";"14";"23";"Scroll of the Emperor";"Não";"Sim";"Não";"Não";"Não";"baú no cliente";"Não";"";"";"0 0 0 0 1 0 0"
"7192";"14";"24";"Broken Sword";"Não";"Sim";"Não";"Não";"Não";"baú no cliente";"Não";"";"";"0 0 0 0 1 0 0"
"7193";"14";"25";"Tear of Elf";"Não";"Sim";"Não";"Não";"Não";"baú no cliente";"Não";"";"";"0 0 0 0 1 0 0"
"7194";"14";"26";"Soul Shard of Wizard";"Não";"Sim";"Não";"Não";"Não";"baú no cliente";"Não";"";"";"0 0 0 0 1 0 0"
"7222";"14";"54";"Chaos Card";"Sim";"Não";"Não";"Sim";"Não";"venda no cliente";"Não";"";"";"0 1 0 1 0 0 0"
"7226";"14";"58";"Rare Item Ticket1";"Sim";"Não";"Não";"Não";"Não";"venda no cliente";"Não";"";"";"0 0 0 1 0 0 0"
"7227";"14";"59";"Rare Item Ticket2";"Sim";"Não";"Não";"Não";"Não";"venda no cliente";"Não";"";"";"0 0 0 1 0 0 0"
"7228";"14";"60";"Rare Item Ticket3";"Sim";"Não";"Não";"Não";"Não";"venda no cliente";"Não";"";"";"0 0 0 1 0 0 0"
"7229";"14";"61";"Rare Item Ticket4";"Sim";"Não";"Não";"Não";"Não";"venda no cliente";"Não";"";"";"0 0 0 1 0 0 0"
"7230";"14";"62";"Rare Item Ticket5";"Sim";"Não";"Não";"Não";"Não";"venda no cliente";"Não";"";"";"0 0 0 1 0 0 0"
"7232";"14";"64";"Cursed Hallow";"Não";"Não";"Não";"Não";"Não";"baú no servidor, venda no servidor";"Não";"";"";"0 0 0 1 1 0 0"
"7233";"14";"65";"Death-beam Knight Flame";"Não";"Sim";"Não";"Não";"Não";"baú no cliente";"Não";"";"";"0 0 0 0 1 0 0"
"7234";"14";"66";"Hell-Miner Horn";"Não";"Sim";"Não";"Não";"Não";"baú no cliente";"Não";"";"";"0 0 0 0 1 0 0"
"7235";"14";"67";"Dark Phoenix Feather";"Não";"Sim";"Não";"Não";"Não";"baú no cliente";"Não";"";"";"0 0 0 0 1 0 0"
"7236";"14";"68";"Abyssal Eye";"Não";"Sim";"Não";"Não";"Não";"baú no cliente";"Não";"";"";"0 0 0 0 1 0 0"
"7246";"14";"78";"Elixir of Strength";"Sim";"Não";"Não";"Não";"Não";"venda no cliente";"Não";"";"";"0 0 0 1 0 0 0"
"7247";"14";"79";"Elixir of Agility";"Sim";"Não";"Não";"Não";"Não";"venda no cliente";"Não";"";"";"0 0 0 1 0 0 0"
"7248";"14";"80";"Elixir of Health";"Sim";"Não";"Não";"Não";"Não";"venda no cliente";"Não";"";"";"0 0 0 1 0 0 0"
"7249";"14";"81";"Elixir of Energy";"Sim";"Não";"Não";"Não";"Não";"venda no cliente";"Não";"";"";"0 0 0 1 0 0 0"
"7250";"14";"82";"Elixir of Control";"Sim";"Não";"Não";"Não";"Não";"venda no cliente";"Não";"";"";"0 0 0 1 0 0 0"
"7251";"14";"83";"Rare Item Ticket6";"Sim";"Não";"Não";"Não";"Não";"venda no cliente";"Não";"";"";"0 0 0 1 0 0 0"
"7252";"14";"84";"Cherry Blossom Play-Box";"Não";"Não";"Sim";"Não";"Não";"baú no cliente, venda no cliente";"Não";"";"";"1 0 0 0 0 0 0"
"7260";"14";"92";"Chaos Card Gold";"Sim";"Não";"Não";"Não";"Não";"venda no cliente";"Não";"";"";"0 0 0 1 0 0 0"
"7261";"14";"93";"Chaos Card Rare";"Sim";"Não";"Não";"Não";"Não";"venda no cliente";"Não";"";"";"0 0 0 1 0 0 0"
"7262";"14";"94";"Medium Elite Healing Potion";"Sim";"Não";"Não";"Não";"Não";"venda no cliente";"Não";"";"";"0 0 0 1 0 0 0"
"7263";"14";"95";"Chaos Card  Mini";"Sim";"Não";"Não";"Não";"Não";"venda no cliente";"Não";"";"";"0 0 0 1 0 0 0"
"7282";"14";"114";"Master Skill Reset";"Não";"Não";"Não";"Não";"Não";"baú no cliente, venda no cliente";"Não";"";"Tudo bloqueado no cliente: não sai do inventário";"0 0 0 0 0 0 0"
"7283";"14";"115";"Stat Adjustment";"Não";"Não";"Não";"Não";"Não";"baú no cliente, venda no cliente";"Não";"";"Tudo bloqueado no cliente: não sai do inventário";"0 0 0 0 0 0 0"
"7284";"14";"116";"Character Relocation Service";"Não";"Não";"Não";"Não";"Não";"baú no cliente, venda no cliente";"Não";"";"Tudo bloqueado no cliente: não sai do inventário";"0 0 0 0 0 0 0"
"7285";"14";"117";"Character Rename Service";"Não";"Não";"Não";"Não";"Não";"baú no cliente, venda no cliente";"Não";"";"Tudo bloqueado no cliente: não sai do inventário";"0 0 0 0 0 0 0"
"7286";"14";"118";"Server Transfer Service";"Não";"Não";"Não";"Não";"Não";"baú no cliente, venda no cliente";"Não";"";"Tudo bloqueado no cliente: não sai do inventário";"0 0 0 0 0 0 0"
"7287";"14";"119";"Premium Package";"Não";"Não";"Não";"Não";"Não";"baú no cliente, venda no cliente";"Não";"";"Tudo bloqueado no cliente: não sai do inventário";"0 0 0 0 0 0 0"
"7288";"14";"120";"Goblin Gold Coin";"Não";"Não";"Não";"Não";"Não";"baú no cliente, venda no cliente";"Não";"";"Tudo bloqueado no cliente: não sai do inventário";"0 0 0 0 0 0 0"
"7291";"14";"123";"Golden Box";"Sim";"Não";"Sim";"Não";"Não";"venda no cliente";"Não";"";"";"1 0 0 1 0 0 0"
"7292";"14";"124";"Silver Box";"Sim";"Não";"Sim";"Não";"Não";"venda no cliente";"Não";"";"";"1 0 0 1 0 0 0"
"7293";"14";"125";"Package Box";"Não";"Não";"Não";"Não";"Não";"baú no cliente, venda no cliente";"Não";"";"Tudo bloqueado no cliente: não sai do inventário";"0 0 0 0 0 0 0"
"7294";"14";"126";"30-Day Pass";"Não";"Não";"Não";"Não";"Não";"baú no cliente, venda no cliente";"Não";"";"Tudo bloqueado no cliente: não sai do inventário";"0 0 0 0 0 0 0"
"7295";"14";"127";"90-Day Pass";"Não";"Não";"Não";"Não";"Não";"baú no cliente, venda no cliente";"Não";"";"Tudo bloqueado no cliente: não sai do inventário";"0 0 0 0 0 0 0"
"7296";"14";"128";"30-Day Pass - Points";"Não";"Não";"Não";"Não";"Não";"baú no cliente, venda no cliente";"Não";"";"Tudo bloqueado no cliente: não sai do inventário";"0 0 0 0 0 0 0"
"7297";"14";"129";"90-Day Pass - Points";"Não";"Não";"Não";"Não";"Não";"baú no cliente, venda no cliente";"Não";"";"Tudo bloqueado no cliente: não sai do inventário";"0 0 0 0 0 0 0"
"7298";"14";"130";"3-Hour Pass";"Não";"Não";"Não";"Não";"Não";"baú no cliente, venda no cliente";"Não";"";"Tudo bloqueado no cliente: não sai do inventário";"0 0 0 0 0 0 0"
"7299";"14";"131";"5-Hour Pass";"Não";"Não";"Não";"Não";"Não";"baú no cliente, venda no cliente";"Não";"";"Tudo bloqueado no cliente: não sai do inventário";"0 0 0 0 0 0 0"
"7300";"14";"132";"10-Hour Pass";"Não";"Não";"Não";"Não";"Não";"baú no cliente, venda no cliente";"Não";"";"Tudo bloqueado no cliente: não sai do inventário";"0 0 0 0 0 0 0"
"7304";"14";"136";"Package Box C";"Não";"Não";"Não";"Não";"Não";"baú no cliente, venda no cliente";"Não";"";"Tudo bloqueado no cliente: não sai do inventário";"0 0 0 0 0 0 0"
"7305";"14";"137";"Package Box D";"Não";"Não";"Não";"Não";"Não";"baú no cliente, venda no cliente";"Não";"";"Tudo bloqueado no cliente: não sai do inventário";"0 0 0 0 0 0 0"
"7308";"14";"140";"Scroll of Healing";"Não";"Não";"Não";"Não";"Não";"baú no cliente, venda no cliente";"Não";"";"Tudo bloqueado no cliente: não sai do inventário";"0 0 0 0 0 0 0"
"7313";"14";"145";"Rare Item Ticket 7";"Sim";"Não";"Não";"Não";"Não";"venda no cliente";"Não";"";"";"0 0 0 1 0 0 0"
"7314";"14";"146";"Rare Item Ticket 8";"Sim";"Não";"Não";"Não";"Não";"venda no cliente";"Não";"";"";"0 0 0 1 0 0 0"
"7315";"14";"147";"Rare Item Ticket 9";"Sim";"Não";"Não";"Não";"Não";"venda no cliente";"Não";"";"";"0 0 0 1 0 0 0"
"7316";"14";"148";"Rare Item Ticket 10";"Sim";"Não";"Não";"Não";"Não";"venda no cliente";"Não";"";"";"0 0 0 1 0 0 0"
"7317";"14";"149";"Rare Item Ticket 11";"Sim";"Não";"Não";"Não";"Não";"venda no cliente";"Não";"";"";"0 0 0 1 0 0 0"
"7318";"14";"150";"Rare Item Ticket 12";"Sim";"Não";"Não";"Não";"Não";"venda no cliente";"Não";"";"";"0 0 0 1 0 0 0"
"7319";"14";"151";"Lv. 1 Letter of Request";"Não";"Não";"Não";"Não";"Não";"baú no cliente, venda no cliente";"Não";"";"Tudo bloqueado no cliente: não sai do inventário";"0 0 0 0 0 0 0"
"7320";"14";"152";"Lv. 1 Completion Certificate";"Não";"Não";"Não";"Não";"Não";"baú no cliente, venda no cliente";"Não";"";"Tudo bloqueado no cliente: não sai do inventário";"0 0 0 0 0 0 0"
"7323";"14";"155";"Tantalos's Armor";"Não";"Sim";"Não";"Não";"Não";"baú no cliente";"Não";"";"";"0 0 0 0 1 0 0"
"7324";"14";"156";"Burnt Murderer's Club";"Não";"Sim";"Não";"Não";"Não";"baú no cliente";"Não";"";"";"0 0 0 0 1 0 0"
"7328";"14";"160";"Jewel of Extension";"Sim";"Não";"Não";"Sim";"Não";"venda no cliente";"Não";"";"";"0 1 0 1 0 0 0"
"7329";"14";"161";"Jewel of Elevation";"Sim";"Não";"Não";"Sim";"Não";"venda no cliente";"Não";"";"";"0 1 0 1 0 0 0"
"7338";"14";"170";"Lv. 2 letter of Request";"Não";"Não";"Não";"Não";"Não";"baú no cliente, venda no cliente";"Não";"";"Tudo bloqueado no cliente: não sai do inventário";"0 0 0 0 0 0 0"
"7339";"14";"171";"Lv. 2 Completion Certificate";"Não";"Não";"Não";"Não";"Não";"baú no cliente, venda no cliente";"Não";"";"Tudo bloqueado no cliente: não sai do inventário";"0 0 0 0 0 0 0"
"7344";"14";"176";"Death King's Bone";"Sim";"Não";"Não";"Não";"Não";"venda no cliente";"Não";"";"";"0 0 0 1 0 0 0"
"7345";"14";"177";"Hell Maine's Leather";"Sim";"Não";"Não";"Não";"Não";"venda no cliente";"Não";"";"";"0 0 0 1 0 0 0"
"7346";"14";"178";"Dark Phoenix Flame";"Sim";"Não";"Não";"Não";"Não";"venda no cliente";"Não";"";"";"0 0 0 1 0 0 0"
"7347";"14";"179";"Death Beam Knight Soul";"Sim";"Não";"Não";"Não";"Não";"venda no cliente";"Não";"";"";"0 0 0 1 0 0 0"
"7357";"14";"189";"Elemental Talisman of Luck";"Sim";"Não";"Não";"Sim";"Sim";"venda no cliente";"Não";"";"";"0 1 1 1 0 0 0"
"7358";"14";"190";"Elemental Talisman of Chaos";"Sim";"Não";"Não";"Sim";"Sim";"venda no cliente";"Não";"";"";"0 1 1 1 0 0 0"
"7374";"14";"206";"Lackluster Box";"Não";"Não";"Sim";"Sim";"Sim";"baú no cliente, venda no cliente";"Não";"";"";"1 1 1 0 0 0 0"
"7375";"14";"207";"Luxurious Box";"Não";"Não";"Sim";"Sim";"Sim";"baú no cliente, venda no cliente";"Não";"";"";"1 1 1 0 0 0 0"
"7376";"14";"208";"Exciting Box";"Não";"Não";"Sim";"Sim";"Sim";"baú no cliente, venda no cliente";"Não";"";"";"1 1 1 0 0 0 0"
"7377";"14";"209";"Tradeable Seal";"Sim";"Não";"Não";"Sim";"Sim";"venda no cliente";"Não";"";"";"0 1 1 1 0 0 0"
"7378";"14";"210";"Summon Scroll (Lv1)";"Não";"Não";"Sim";"Sim";"Não";"baú no cliente, venda no cliente";"Não";"";"";"1 1 0 0 0 0 0"
"7379";"14";"211";"Summon Scroll (Lv2)";"Não";"Não";"Sim";"Sim";"Não";"baú no cliente, venda no cliente";"Não";"";"";"1 1 0 0 0 0 0"
"7380";"14";"212";"Summon Scroll (Lv3)";"Não";"Não";"Sim";"Sim";"Não";"baú no cliente, venda no cliente";"Não";"";"";"1 1 0 0 0 0 0"
"7381";"14";"213";"Summon Scroll (Lv4)";"Não";"Não";"Sim";"Sim";"Não";"baú no cliente, venda no cliente";"Não";"";"";"1 1 0 0 0 0 0"
"7384";"14";"216";"Card Deck";"Não";"Não";"Não";"Sim";"Não";"baú no cliente, venda no cliente";"Não";"";"";"0 1 0 0 0 0 0"
"7390";"14";"222";"Unique Accessory Box";"Sim";"Não";"Sim";"Sim";"Sim";"venda no cliente";"Não";"";"";"1 1 1 1 0 0 0"
"7393";"14";"225";"Scroll Master of Defense";"Não";"Não";"Não";"Não";"Não";"baú no cliente, venda no cliente";"Não";"";"Tudo bloqueado no cliente: não sai do inventário";"0 0 0 0 0 0 0"
"7394";"14";"226";"Scroll Master of Wizardry";"Não";"Não";"Não";"Não";"Não";"baú no cliente, venda no cliente";"Não";"";"Tudo bloqueado no cliente: não sai do inventário";"0 0 0 0 0 0 0"
"7395";"14";"227";"Scroll Master of Health";"Não";"Não";"Não";"Não";"Não";"baú no cliente, venda no cliente";"Não";"";"Tudo bloqueado no cliente: não sai do inventário";"0 0 0 0 0 0 0"
"7396";"14";"228";"Scroll Master of Mana";"Não";"Não";"Não";"Não";"Não";"baú no cliente, venda no cliente";"Não";"";"Tudo bloqueado no cliente: não sai do inventário";"0 0 0 0 0 0 0"
"7397";"14";"229";"Scroll Master of Wrath";"Não";"Não";"Não";"Não";"Não";"baú no cliente, venda no cliente";"Não";"";"Tudo bloqueado no cliente: não sai do inventário";"0 0 0 0 0 0 0"
"7398";"14";"230";"Scroll Master of Recovery";"Não";"Não";"Não";"Não";"Não";"baú no cliente, venda no cliente";"Não";"";"Tudo bloqueado no cliente: não sai do inventário";"0 0 0 0 0 0 0"
"7399";"14";"231";"Scroll Master of Battle";"Não";"Não";"Não";"Não";"Não";"baú no cliente, venda no cliente";"Não";"";"Tudo bloqueado no cliente: não sai do inventário";"0 0 0 0 0 0 0"
"7400";"14";"232";"Scroll Master of Strenghener";"Não";"Não";"Não";"Não";"Não";"baú no cliente, venda no cliente";"Não";"";"Tudo bloqueado no cliente: não sai do inventário";"0 0 0 0 0 0 0"
"7401";"14";"233";"Unique Weapon Box";"Sim";"Não";"Sim";"Sim";"Sim";"venda no cliente";"Não";"";"";"1 1 1 1 0 0 0"
"7403";"14";"235";"Scroll of Swiftness Master";"Não";"Não";"Não";"Não";"Não";"baú no cliente, venda no cliente";"Não";"";"Tudo bloqueado no cliente: não sai do inventário";"0 0 0 0 0 0 0"
"7404";"14";"236";"Reward Jar";"Sim";"Não";"Sim";"Não";"Não";"venda no cliente";"Não";"";"";"1 0 0 1 0 0 0"
"7405";"14";"237";"Reward Jar";"Sim";"Não";"Sim";"Não";"Não";"venda no cliente";"Não";"";"";"1 0 0 1 0 0 0"
"7406";"14";"238";"Reward Jar";"Sim";"Não";"Sim";"Não";"Não";"venda no cliente";"Não";"";"";"1 0 0 1 0 0 0"
"7407";"14";"239";"Reward Jar";"Sim";"Não";"Sim";"Não";"Não";"venda no cliente";"Não";"";"";"1 0 0 1 0 0 0"
"7408";"14";"240";"Reward Jar";"Sim";"Não";"Sim";"Não";"Não";"venda no cliente";"Não";"";"";"1 0 0 1 0 0 0"
"7409";"14";"241";"Valuable Reward Jar";"Sim";"Não";"Sim";"Não";"Não";"venda no cliente";"Não";"";"";"1 0 0 1 0 0 0"
"7410";"14";"242";"Golden Apple";"Não";"Não";"Não";"Não";"Não";"baú no cliente, venda no cliente";"Não";"";"Tudo bloqueado no cliente: não sai do inventário";"0 0 0 0 0 0 0"
"7411";"14";"243";"Golden Apple(2)";"Não";"Não";"Não";"Não";"Não";"baú no cliente, venda no cliente";"Não";"";"Tudo bloqueado no cliente: não sai do inventário";"0 0 0 0 0 0 0"
"7412";"14";"244";"Evomon Summoning Scroll";"Não";"Não";"Sim";"Sim";"Não";"baú no cliente, venda no cliente";"Não";"";"";"1 1 0 0 0 0 0"
"7416";"14";"248";"Minor Evomon Box";"Sim";"Não";"Sim";"Não";"Não";"venda no cliente";"Não";"";"";"1 0 0 1 0 0 0"
"7417";"14";"249";"Standard Evomon Box";"Sim";"Não";"Sim";"Não";"Não";"venda no cliente";"Não";"";"";"1 0 0 1 0 0 0"
"7418";"14";"250";"Greater Evomon Box";"Sim";"Não";"Sim";"Não";"Não";"venda no cliente";"Não";"";"";"1 0 0 1 0 0 0"
"7419";"14";"251";"Luxurious Evomon Box";"Sim";"Não";"Sim";"Não";"Não";"venda no cliente";"Não";"";"";"1 0 0 1 0 0 0"
"7420";"14";"252";"Magnificent Evomon Box";"Sim";"Não";"Sim";"Não";"Não";"venda no cliente";"Não";"";"";"1 0 0 1 0 0 0"
"7421";"14";"253";"Legendary Evomon Box";"Sim";"Não";"Sim";"Não";"Não";"venda no cliente";"Não";"";"";"1 0 0 1 0 0 0"
"7433";"14";"265";"Goblin Treasure Box (Green)";"Sim";"Não";"Sim";"Sim";"Sim";"venda no cliente";"Não";"";"";"1 1 1 1 0 0 0"
"7434";"14";"266";"Goblin Treasure Box (Blue)";"Sim";"Não";"Sim";"Sim";"Sim";"venda no cliente";"Não";"";"";"1 1 1 1 0 0 0"
"7435";"14";"267";"Goblin Treasure Box (Red)";"Sim";"Não";"Sim";"Sim";"Sim";"venda no cliente";"Não";"";"";"1 1 1 1 0 0 0"
"7436";"14";"268";"Goblin Treasure Box (Yellow)";"Sim";"Não";"Sim";"Sim";"Sim";"venda no cliente";"Não";"";"";"1 1 1 1 0 0 0"
"7437";"14";"269";"Normal EXP Potion (1)";"Não";"Sim";"Não";"Não";"Não";"baú no cliente";"Não";"";"Muun";"0 0 0 0 1 1 0"
"7438";"14";"270";"Normal EXP Potion (2)";"Não";"Sim";"Não";"Não";"Não";"baú no cliente";"Não";"";"Muun";"0 0 0 0 1 1 0"
"7439";"14";"271";"Normal EXP Potion (3)";"Não";"Sim";"Não";"Não";"Não";"baú no cliente";"Não";"";"Muun";"0 0 0 0 1 1 0"
"7440";"14";"272";"Normal EXP Potion (4)";"Não";"Sim";"Não";"Não";"Não";"baú no cliente";"Não";"";"Muun";"0 0 0 0 1 1 0"
"7441";"14";"273";"Master EXP Potion (1)";"Não";"Sim";"Não";"Não";"Não";"baú no cliente";"Não";"";"Muun";"0 0 0 0 1 1 0"
"7442";"14";"274";"Master EXP Potion (2)";"Não";"Sim";"Não";"Não";"Não";"baú no cliente";"Não";"";"Muun";"0 0 0 0 1 1 0"
"7443";"14";"275";"Master EXP Potion (3)";"Não";"Sim";"Não";"Não";"Não";"baú no cliente";"Não";"";"Muun";"0 0 0 0 1 1 0"
"7444";"14";"276";"Master EXP Potion (4)";"Não";"Sim";"Não";"Não";"Não";"baú no cliente";"Não";"";"Muun";"0 0 0 0 1 1 0"
"7445";"14";"277";"Special Card";"Não";"Não";"Sim";"Sim";"Não";"baú no cliente, venda no cliente";"Não";"";"";"1 1 0 0 0 0 0"
"7447";"14";"279";"Master EXP Potion (5)";"Não";"Sim";"Não";"Não";"Não";"baú no cliente";"Não";"";"Muun";"0 0 0 0 1 1 0"
"7448";"14";"280";"Master EXP Potion (6)";"Não";"Sim";"Não";"Não";"Não";"baú no cliente";"Não";"";"Muun";"0 0 0 0 1 1 0"
"7450";"14";"282";"Mastery Box(Minor)";"Não";"Não";"Não";"Não";"Não";"baú no cliente, venda no cliente";"Não";"";"Tudo bloqueado no cliente: não sai do inventário";"0 0 0 0 0 0 0"
"7451";"14";"283";"Mastery Box(Standard)";"Não";"Não";"Não";"Não";"Não";"baú no cliente, venda no cliente";"Não";"";"Tudo bloqueado no cliente: não sai do inventário";"0 0 0 0 0 0 0"
"7452";"14";"284";"Mastery Box(Greater)";"Não";"Não";"Não";"Não";"Não";"baú no cliente, venda no cliente";"Não";"";"Tudo bloqueado no cliente: não sai do inventário";"0 0 0 0 0 0 0"
"7454";"14";"286";"Pentagram Box";"Não";"Não";"Sim";"Não";"Não";"baú no cliente, venda no cliente";"Não";"";"";"1 0 0 0 0 0 0"
"7455";"14";"287";"Mastery Reward Chest (200,000)";"Não";"Não";"Não";"Não";"Não";"baú no cliente, venda no cliente";"Não";"";"Tudo bloqueado no cliente: não sai do inventário";"0 0 0 0 0 0 0"
"7456";"14";"288";"Mastery Reward Chest (100,000)";"Não";"Não";"Não";"Não";"Não";"baú no cliente, venda no cliente";"Não";"";"Tudo bloqueado no cliente: não sai do inventário";"0 0 0 0 0 0 0"
"7457";"14";"289";"Mastery Reward Chest (50,000)";"Não";"Não";"Não";"Não";"Não";"baú no cliente, venda no cliente";"Não";"";"Tudo bloqueado no cliente: não sai do inventário";"0 0 0 0 0 0 0"
"7461";"14";"293";"Elemental Capsule(Normal)";"Sim";"Não";"Não";"Sim";"Sim";"venda no cliente";"Não";"";"";"0 1 1 1 0 0 0"
"7464";"14";"296";"Capsule(Fire)";"Sim";"Não";"Não";"Não";"Não";"venda no cliente";"Não";"";"";"0 0 0 1 0 0 0"
"7504";"14";"336";"Mastery Reward Chest (10,000)";"Não";"Não";"Não";"Não";"Não";"baú no cliente, venda no cliente";"Não";"";"Tudo bloqueado no cliente: não sai do inventário";"0 0 0 0 0 0 0"
"7505";"14";"337";"Capsule(Earth)";"Sim";"Não";"Não";"Não";"Não";"venda no cliente";"Não";"";"";"0 0 0 1 0 0 0"
"7506";"14";"338";"Capsule(Water)";"Sim";"Não";"Não";"Não";"Não";"venda no cliente";"Não";"";"";"0 0 0 1 0 0 0"
"7507";"14";"339";"Capsule(Wind)";"Sim";"Não";"Não";"Não";"Não";"venda no cliente";"Não";"";"";"0 0 0 1 0 0 0"
"7508";"14";"340";"Capsule(Darkness)";"Sim";"Não";"Não";"Não";"Não";"venda no cliente";"Não";"";"";"0 0 0 1 0 0 0"
"7509";"14";"341";"Darkangel Soul";"Sim";"Não";"Não";"Sim";"Sim";"venda no cliente";"Não";"";"";"0 1 1 1 0 0 0"
"7510";"14";"342";"Steel of Heaven";"Sim";"Não";"Sim";"Sim";"Sim";"venda no cliente";"Não";"";"";"1 1 1 1 0 0 0"
"7511";"14";"343";"Archangel's Hammer";"Sim";"Não";"Sim";"Sim";"Sim";"venda no cliente";"Não";"";"";"1 1 1 1 0 0 0"
"7512";"14";"344";"[Speed] Archangel Weapon Box";"Não";"Não";"Sim";"Não";"Não";"baú no cliente, venda no cliente";"Não";"";"";"1 0 0 0 0 0 0"
"7514";"14";"346";"Fire Symbol";"Não";"Não";"Não";"Sim";"Não";"baú no cliente, venda no cliente";"Não";"";"";"0 1 0 0 0 0 0"
"7515";"14";"347";"Water Symbol";"Não";"Não";"Não";"Sim";"Não";"baú no cliente, venda no cliente";"Não";"";"";"0 1 0 0 0 0 0"
"7516";"14";"348";"Earth Symbol";"Não";"Não";"Não";"Sim";"Não";"baú no cliente, venda no cliente";"Não";"";"";"0 1 0 0 0 0 0"
"7517";"14";"349";"Wind Symbol";"Não";"Não";"Não";"Sim";"Não";"baú no cliente, venda no cliente";"Não";"";"";"0 1 0 0 0 0 0"
"7518";"14";"350";"Darkness Symbol";"Não";"Não";"Não";"Sim";"Não";"baú no cliente, venda no cliente";"Não";"";"";"0 1 0 0 0 0 0"
"7519";"14";"351";"Element Box";"Não";"Não";"Não";"Não";"Não";"baú no cliente, venda no cliente";"Não";"";"Tudo bloqueado no cliente: não sai do inventário";"0 0 0 0 0 0 0"
"7520";"14";"352";"Ruud Box (1,000)";"Não";"Não";"Não";"Não";"Não";"baú no cliente, venda no cliente";"Não";"";"Tudo bloqueado no cliente: não sai do inventário";"0 0 0 0 0 0 0"
"7522";"14";"354";"[14th Anniversary] Gift Box";"Não";"Sim";"Sim";"Não";"Não";"baú no cliente";"Não";"";"";"1 0 0 0 1 0 0"
"7523";"14";"355";"[14th Anniversary] Special Gift Box";"Não";"Sim";"Sim";"Não";"Não";"baú no cliente";"Não";"";"";"1 0 0 0 1 0 0"
"7524";"14";"356";"[PC Cafe] Ruud Box";"Não";"Sim";"Não";"Não";"Não";"baú no cliente";"Não";"";"";"0 0 0 0 1 0 0"
"7525";"14";"357";"[Speed] Helm Box";"Não";"Não";"Sim";"Não";"Não";"baú no cliente, venda no cliente";"Não";"";"";"1 0 0 0 0 0 0"
"7526";"14";"358";"[Speed] Armor Box";"Não";"Não";"Sim";"Não";"Não";"baú no cliente, venda no cliente";"Não";"";"";"1 0 0 0 0 0 0"
"7527";"14";"359";"[Speed] Pants Box";"Não";"Não";"Sim";"Não";"Não";"baú no cliente, venda no cliente";"Não";"";"";"1 0 0 0 0 0 0"
"7528";"14";"360";"[Speed] Gloves Box";"Não";"Não";"Sim";"Não";"Não";"baú no cliente, venda no cliente";"Não";"";"";"1 0 0 0 0 0 0"
"7529";"14";"361";"[Speed] Boots Box";"Não";"Não";"Sim";"Não";"Não";"baú no cliente, venda no cliente";"Não";"";"";"1 0 0 0 0 0 0"
"7532";"14";"364";"Socket Upgrade Note";"Sim";"Não";"Não";"Sim";"Sim";"venda no cliente";"Não";"";"";"0 1 1 1 0 0 0"
"7535";"14";"367";"Roomy Card Box (Lower)";"Sim";"Não";"Não";"Sim";"Sim";"venda no cliente";"Não";"";"";"0 1 1 1 0 0 0"
"7536";"14";"368";"Roomy Card Box (Medium)";"Sim";"Não";"Não";"Sim";"Sim";"venda no cliente";"Não";"";"";"0 1 1 1 0 0 0"
"7537";"14";"369";"Roomy Card Box (Higher)";"Sim";"Não";"Não";"Sim";"Sim";"venda no cliente";"Não";"";"";"0 1 1 1 0 0 0"
"7538";"14";"370";"Seed";"Não";"Não";"Não";"Não";"Não";"baú no cliente, venda no cliente";"Não";"";"Tudo bloqueado no cliente: não sai do inventário";"0 0 0 0 0 0 0"
"7539";"14";"371";"[Bound] Bless of Light (Greater)";"Não";"Sim";"Não";"Não";"Não";"baú no cliente";"Não";"";"Preso ao personagem (Bound)";"0 0 0 0 1 0 0"
"7540";"14";"372";"[Bound] Bless of Light (Middle Grade)";"Não";"Sim";"Não";"Não";"Não";"baú no cliente";"Não";"";"Preso ao personagem (Bound)";"0 0 0 0 1 0 0"
"7541";"14";"373";"[Bound] Bless of Light (Low Grade)";"Não";"Sim";"Não";"Não";"Não";"baú no cliente";"Não";"";"Preso ao personagem (Bound)";"0 0 0 0 1 0 0"
"7542";"14";"374";"[Event] Lower Box";"Não";"Não";"Não";"Não";"Não";"baú no cliente, venda no cliente";"Não";"";"Tudo bloqueado no cliente: não sai do inventário";"0 0 0 0 0 0 0"
"7543";"14";"375";"[Event] Medium Box";"Não";"Não";"Não";"Não";"Não";"baú no cliente, venda no cliente";"Não";"";"Tudo bloqueado no cliente: não sai do inventário";"0 0 0 0 0 0 0"
"7544";"14";"376";"[Event] Higher Box";"Não";"Não";"Não";"Não";"Não";"baú no cliente, venda no cliente";"Não";"";"Tudo bloqueado no cliente: não sai do inventário";"0 0 0 0 0 0 0"
"7545";"14";"377";"[Event] Luxury Box";"Não";"Não";"Não";"Não";"Não";"baú no cliente, venda no cliente";"Não";"";"Tudo bloqueado no cliente: não sai do inventário";"0 0 0 0 0 0 0"
"7546";"14";"378";"Seed Capsule (Fire)";"Sim";"Não";"Não";"Não";"Não";"venda no cliente";"Não";"";"";"0 0 0 1 0 0 0"
"7547";"14";"379";"Seed Capsule (Water)";"Sim";"Não";"Não";"Não";"Não";"venda no cliente";"Não";"";"";"0 0 0 1 0 0 0"
"7548";"14";"380";"Seed Capsule (Ice)";"Sim";"Não";"Não";"Não";"Não";"venda no cliente";"Não";"";"";"0 0 0 1 0 0 0"
"7549";"14";"381";"Seed Capsule (Wind)";"Sim";"Não";"Não";"Não";"Não";"venda no cliente";"Não";"";"";"0 0 0 1 0 0 0"
"7550";"14";"382";"Seed Capsule (Lightning)";"Sim";"Não";"Não";"Não";"Não";"venda no cliente";"Não";"";"";"0 0 0 1 0 0 0"
"7551";"14";"383";"Seed Capsule (Earth)";"Sim";"Não";"Não";"Não";"Não";"venda no cliente";"Não";"";"";"0 0 0 1 0 0 0"
"7552";"14";"384";"Sphere Upgrade Rune Capsule";"Sim";"Não";"Não";"Não";"Não";"venda no cliente";"Não";"";"";"0 0 0 1 0 0 0"
"7553";"14";"385";"Mysterious Box";"Sim";"Não";"Não";"Sim";"Sim";"venda no cliente";"Não";"";"";"0 1 1 1 0 0 0"
"7554";"14";"386";"Darkangel Anvil";"Sim";"Não";"Não";"Sim";"Sim";"venda no cliente";"Não";"";"";"0 1 1 1 0 0 0"
"7557";"14";"389";"Holyangel Soul";"Sim";"Não";"Não";"Sim";"Sim";"venda no cliente";"Não";"";"";"0 1 1 1 0 0 0"
"7559";"14";"391";"Event Gift Box";"Não";"Não";"Não";"Não";"Não";"baú no cliente, venda no cliente";"Não";"";"Tudo bloqueado no cliente: não sai do inventário";"0 0 0 0 0 0 0"
"7560";"14";"392";"Card Box";"Não";"Não";"Não";"Sim";"Não";"baú no cliente, venda no cliente";"Não";"";"";"0 1 0 0 0 0 0"
"7561";"14";"393";"Card Box (10)";"Não";"Não";"Não";"Sim";"Não";"baú no cliente, venda no cliente";"Não";"";"";"0 1 0 0 0 0 0"
"7562";"14";"394";"Attacker Type Elf Transform Scroll";"Sim";"Não";"Não";"Sim";"Sim";"venda no cliente";"Não";"";"";"0 1 1 1 0 0 0"
"7563";"14";"395";"Supporter Type Elf Transform Scroll";"Sim";"Não";"Não";"Sim";"Sim";"venda no cliente";"Não";"";"";"0 1 1 1 0 0 0"
"7564";"14";"396";"Gladiator Type Magic Knight Transform Scroll";"Sim";"Não";"Não";"Sim";"Sim";"venda no cliente";"Não";"";"";"0 1 1 1 0 0 0"
"7565";"14";"397";"Mage Type Magic Knight Transform Scroll";"Sim";"Não";"Não";"Sim";"Sim";"venda no cliente";"Não";"";"";"0 1 1 1 0 0 0"
"7566";"14";"398";"Elemental Talisman Box";"Não";"Não";"Não";"Sim";"Não";"baú no cliente, venda no cliente";"Não";"";"";"0 1 0 0 0 0 0"
"7567";"14";"399";"(Hero) Bloodangel Soul";"Sim";"Não";"Não";"Sim";"Sim";"venda no cliente";"Não";"";"";"0 1 1 1 0 0 0"
"7568";"14";"400";"Ruud Box (10)";"Não";"Não";"Não";"Não";"Não";"baú no cliente, venda no cliente";"Não";"";"Tudo bloqueado no cliente: não sai do inventário";"0 0 0 0 0 0 0"
"7569";"14";"401";"Ruud Box (50)";"Não";"Não";"Não";"Não";"Não";"baú no cliente, venda no cliente";"Não";"";"Tudo bloqueado no cliente: não sai do inventário";"0 0 0 0 0 0 0"
"7570";"14";"402";"Ruud Box (100)";"Não";"Não";"Não";"Não";"Não";"baú no cliente, venda no cliente";"Não";"";"Tudo bloqueado no cliente: não sai do inventário";"0 0 0 0 0 0 0"
"7574";"14";"406";"Timed Mastery Weapon Box";"Não";"Não";"Sim";"Não";"Não";"baú no cliente, venda no cliente";"Não";"";"";"1 0 0 0 0 0 0"
"7575";"14";"407";"Speed Server Limited Reward Box";"Não";"Não";"Sim";"Não";"Não";"baú no cliente, venda no cliente";"Não";"";"";"1 0 0 0 0 0 0"
"7576";"14";"408";"[Jewel Bingo] Lower Box";"Não";"Não";"Não";"Não";"Não";"baú no cliente, venda no cliente";"Não";"";"Tudo bloqueado no cliente: não sai do inventário";"0 0 0 0 0 0 0"
"7577";"14";"409";"[Jewel Bingo] Medium Box";"Não";"Não";"Não";"Não";"Não";"baú no cliente, venda no cliente";"Não";"";"Tudo bloqueado no cliente: não sai do inventário";"0 0 0 0 0 0 0"
"7578";"14";"410";"[Jewel Bingo] Higher Box";"Não";"Não";"Não";"Não";"Não";"baú no cliente, venda no cliente";"Não";"";"Tudo bloqueado no cliente: não sai do inventário";"0 0 0 0 0 0 0"
"7579";"14";"411";"[Jewel Bingo] Luxury Box";"Não";"Não";"Não";"Não";"Não";"baú no cliente, venda no cliente";"Não";"";"Tudo bloqueado no cliente: não sai do inventário";"0 0 0 0 0 0 0"
"7580";"14";"412";"Timed Mastery Set Box";"Não";"Não";"Sim";"Não";"Não";"baú no cliente, venda no cliente";"Não";"";"";"1 0 0 0 0 0 0"
"7581";"14";"413";"Coin of Miracle";"Sim";"Não";"Não";"Não";"Não";"venda no cliente";"Não";"";"";"0 0 0 1 0 0 0"
"7582";"14";"414";"Season Level Reward A";"Não";"Sim";"Sim";"Não";"Não";"baú no cliente";"Não";"";"";"1 0 0 0 1 0 0"
"7583";"14";"415";"Awakening Soul";"Sim";"Não";"Não";"Sim";"Sim";"venda no cliente";"Não";"";"";"0 1 1 1 0 0 0"
"7584";"14";"416";"Holyangel Anvil";"Sim";"Não";"Não";"Sim";"Sim";"venda no cliente";"Não";"";"";"0 1 1 1 0 0 0"
"7586";"14";"418";"[PC Cafe]Timed Mastery Weapon Box";"Não";"Não";"Sim";"Não";"Não";"baú no cliente, venda no cliente";"Não";"";"";"1 0 0 0 0 0 0"
"7587";"14";"419";"[PC Cafe]Timed Mastery Armor Box";"Não";"Não";"Sim";"Não";"Não";"baú no cliente, venda no cliente";"Não";"";"";"1 0 0 0 0 0 0"
"7588";"14";"420";"[Bound]Mysterious Stone";"Não";"Sim";"Não";"Não";"Não";"baú no cliente";"Não";"";"Preso ao personagem (Bound)";"0 0 0 0 1 0 0"
"7589";"14";"421";"2nd Bound Wings Chest";"Não";"Não";"Sim";"Não";"Não";"baú no cliente, venda no cliente";"Não";"";"Preso ao personagem (Bound)";"1 0 0 0 0 0 0"
"7590";"14";"422";"3rd Bound Wings Chest";"Não";"Não";"Sim";"Não";"Não";"baú no cliente, venda no cliente";"Não";"";"Preso ao personagem (Bound)";"1 0 0 0 0 0 0"
"7591";"14";"423";"[Balls and Cows] Lower Box";"Não";"Não";"Não";"Não";"Não";"baú no cliente, venda no cliente";"Não";"";"Tudo bloqueado no cliente: não sai do inventário";"0 0 0 0 0 0 0"
"7592";"14";"424";"[Balls and Cows] Medium Box";"Não";"Não";"Não";"Não";"Não";"baú no cliente, venda no cliente";"Não";"";"Tudo bloqueado no cliente: não sai do inventário";"0 0 0 0 0 0 0"
"7593";"14";"425";"[Balls and Cows] Higher Box";"Não";"Não";"Não";"Não";"Não";"baú no cliente, venda no cliente";"Não";"";"Tudo bloqueado no cliente: não sai do inventário";"0 0 0 0 0 0 0"
"7594";"14";"426";"60-Day Mastery Armor Box";"Não";"Não";"Sim";"Não";"Não";"baú no cliente, venda no cliente";"Não";"";"";"1 0 0 0 0 0 0"
"7595";"14";"427";"30-Day Mastery Armor Box";"Não";"Não";"Sim";"Não";"Não";"baú no cliente, venda no cliente";"Não";"";"";"1 0 0 0 0 0 0"
"7596";"14";"428";"3-Day Mastery Armor Box";"Não";"Não";"Sim";"Não";"Não";"baú no cliente, venda no cliente";"Não";"";"";"1 0 0 0 0 0 0"
"7597";"14";"429";"+11 3rd Wings Chest (Bound)";"Não";"Não";"Sim";"Não";"Não";"baú no cliente, venda no cliente";"Não";"";"Preso ao personagem (Bound)";"1 0 0 0 0 0 0"
"7599";"14";"431";"Key of Dimension";"Não";"Não";"Não";"Não";"Não";"baú no cliente, venda no cliente";"Não";"";"Tudo bloqueado no cliente: não sai do inventário";"0 0 0 0 0 0 0"
"7609";"14";"441";"Lapidary Stone Box";"Sim";"Não";"Não";"Não";"Não";"venda no cliente";"Não";"";"";"0 0 0 1 0 0 0"
"7610";"14";"442";"Earring of Wrath Box (Left)";"Sim";"Não";"Não";"Não";"Não";"venda no cliente";"Não";"";"";"0 0 0 1 0 0 0"
"7611";"14";"443";"Earring of Wrath Box (Right)";"Sim";"Não";"Não";"Não";"Não";"venda no cliente";"Não";"";"";"0 0 0 1 0 0 0"
"7613";"14";"445";"Chicken Box";"Não";"Não";"Não";"Sim";"Não";"baú no cliente, venda no cliente";"Não";"";"";"0 1 0 0 0 0 0"
"7614";"14";"446";"[Event] Ruud Box";"Não";"Sim";"Não";"Não";"Não";"baú no cliente";"Não";"";"";"0 0 0 0 1 0 0"
"7615";"14";"447";"Ruud Box (2,000)";"Não";"Não";"Não";"Não";"Não";"baú no cliente, venda no cliente";"Não";"";"Tudo bloqueado no cliente: não sai do inventário";"0 0 0 0 0 0 0"
"7616";"14";"448";"Ruud Box (3,000)";"Não";"Não";"Não";"Não";"Não";"baú no cliente, venda no cliente";"Não";"";"Tudo bloqueado no cliente: não sai do inventário";"0 0 0 0 0 0 0"
"7619";"14";"451";"[Event] Ruud Box (2nd Week)";"Não";"Sim";"Não";"Não";"Não";"baú no cliente";"Não";"";"";"0 0 0 0 1 0 0"
"7620";"14";"452";"60-Day Mastery Weapon Box";"Não";"Não";"Sim";"Não";"Não";"baú no cliente, venda no cliente";"Não";"";"";"1 0 0 0 0 0 0"
"7622";"14";"454";"[Speed] Earring Box (Left)";"Não";"Não";"Não";"Não";"Não";"baú no cliente, venda no cliente";"Não";"";"Tudo bloqueado no cliente: não sai do inventário";"0 0 0 0 0 0 0"
"7623";"14";"455";"Small Gift Box";"Não";"Não";"Não";"Não";"Não";"baú no cliente, venda no cliente";"Não";"";"Tudo bloqueado no cliente: não sai do inventário";"0 0 0 0 0 0 0"
"7624";"14";"456";"Medium Gift Box";"Não";"Não";"Não";"Não";"Não";"baú no cliente, venda no cliente";"Não";"";"Tudo bloqueado no cliente: não sai do inventário";"0 0 0 0 0 0 0"
"7625";"14";"457";"Large Gift Box";"Não";"Não";"Não";"Não";"Não";"baú no cliente, venda no cliente";"Não";"";"Tudo bloqueado no cliente: não sai do inventário";"0 0 0 0 0 0 0"
"8192";"16";"0";"Pinocchio";"Não";"Sim";"Não";"Não";"Não";"baú no cliente";"Não";"";"Muun";"0 0 0 0 1 1 0"
"8193";"16";"1";"Pinocchio (Evolved)";"Não";"Sim";"Não";"Não";"Não";"baú no cliente";"Não";"";"Muun";"0 0 0 0 1 1 0"
"8194";"16";"2";"Geppetoo";"Não";"Sim";"Não";"Não";"Não";"baú no cliente";"Não";"";"Muun";"0 0 0 0 1 1 0"
"8195";"16";"3";"Geppetoo (Evolved)";"Não";"Sim";"Não";"Não";"Não";"baú no cliente";"Não";"";"Muun";"0 0 0 0 1 1 0"
"8196";"16";"4";"Blue Fairy";"Não";"Sim";"Não";"Não";"Não";"baú no cliente";"Não";"";"Muun";"0 0 0 0 1 1 0"
"8197";"16";"5";"Blue Fairy (Evolved)";"Não";"Sim";"Não";"Não";"Não";"baú no cliente";"Não";"";"Muun";"0 0 0 0 1 1 0"
"8198";"16";"6";"Daddy Bear";"Não";"Sim";"Não";"Não";"Não";"baú no cliente";"Não";"";"Muun";"0 0 0 0 1 1 0"
"8199";"16";"7";"Daddy Bear (Evolved)";"Não";"Sim";"Não";"Não";"Não";"baú no cliente";"Não";"";"Muun";"0 0 0 0 1 1 0"
"8200";"16";"8";"Baby Bear";"Não";"Sim";"Não";"Não";"Não";"baú no cliente";"Não";"";"Muun";"0 0 0 0 1 1 0"
"8201";"16";"9";"Baby Bear (Evolved)";"Não";"Sim";"Não";"Não";"Não";"baú no cliente";"Não";"";"Muun";"0 0 0 0 1 1 0"
"8202";"16";"10";"Mommy Bear";"Não";"Sim";"Não";"Não";"Não";"baú no cliente";"Não";"";"Muun";"0 0 0 0 1 1 0"
"8203";"16";"11";"Mommy Bear (Evolved)";"Não";"Sim";"Não";"Não";"Não";"baú no cliente";"Não";"";"Muun";"0 0 0 0 1 1 0"
"8204";"16";"12";"Indio";"Não";"Sim";"Não";"Não";"Não";"baú no cliente";"Não";"";"Muun";"0 0 0 0 1 1 0"
"8205";"16";"13";"Indio (Evolved)";"Não";"Sim";"Não";"Não";"Não";"baú no cliente";"Não";"";"Muun";"0 0 0 0 1 1 0"
"8206";"16";"14";"Treasure";"Não";"Sim";"Não";"Não";"Não";"baú no cliente";"Não";"";"Muun";"0 0 0 0 1 1 0"
"8207";"16";"15";"Treasure (Evolved)";"Não";"Sim";"Não";"Não";"Não";"baú no cliente";"Não";"";"Muun";"0 0 0 0 1 1 0"
"8208";"16";"16";"Treasure Hunter";"Não";"Sim";"Não";"Não";"Não";"baú no cliente";"Não";"";"Muun";"0 0 0 0 1 1 0"
"8209";"16";"17";"Treasure Hunter (Evolved)";"Não";"Sim";"Não";"Não";"Não";"baú no cliente";"Não";"";"Muun";"0 0 0 0 1 1 0"
"8210";"16";"18";"Tree Elf";"Não";"Sim";"Não";"Não";"Não";"baú no cliente";"Não";"";"Muun";"0 0 0 0 1 1 0"
"8211";"16";"19";"Tree Elf (Evolved)";"Não";"Sim";"Não";"Não";"Não";"baú no cliente";"Não";"";"Muun";"0 0 0 0 1 1 0"
"8212";"16";"20";"Grass Fairy";"Não";"Sim";"Não";"Não";"Não";"baú no cliente";"Não";"";"Muun";"0 0 0 0 1 1 0"
"8213";"16";"21";"Grass Fairy (Evolved)";"Não";"Sim";"Não";"Não";"Não";"baú no cliente";"Não";"";"Muun";"0 0 0 0 1 1 0"
"8214";"16";"22";"Leaf Mage";"Não";"Sim";"Não";"Não";"Não";"baú no cliente";"Não";"";"Muun";"0 0 0 0 1 1 0"
"8215";"16";"23";"Leaf Mage (Evolved)";"Não";"Sim";"Não";"Não";"Não";"baú no cliente";"Não";"";"Muun";"0 0 0 0 1 1 0"
"8216";"16";"24";"Samba Girl";"Não";"Sim";"Não";"Não";"Não";"baú no cliente";"Não";"";"Muun";"0 0 0 0 1 1 0"
"8217";"16";"25";"Samba Girl (Evolved)";"Não";"Sim";"Não";"Não";"Não";"baú no cliente";"Não";"";"Muun";"0 0 0 0 1 1 0"
"8218";"16";"26";"Rio";"Não";"Sim";"Não";"Não";"Não";"baú no cliente";"Não";"";"Muun";"0 0 0 0 1 1 0"
"8219";"16";"27";"Rio (Evolved)";"Não";"Sim";"Não";"Não";"Não";"baú no cliente";"Não";"";"Muun";"0 0 0 0 1 1 0"
"8220";"16";"28";"Bateria";"Não";"Sim";"Não";"Não";"Não";"baú no cliente";"Não";"";"Muun";"0 0 0 0 1 1 0"
"8221";"16";"29";"Bateria (Evolved)";"Não";"Sim";"Não";"Não";"Não";"baú no cliente";"Não";"";"Muun";"0 0 0 0 1 1 0"
"8222";"16";"30";"Reporter";"Não";"Sim";"Não";"Não";"Não";"baú no cliente";"Não";"";"Muun";"0 0 0 0 1 1 0"
"8223";"16";"31";"Dragon Knight";"Não";"Sim";"Não";"Não";"Não";"baú no cliente";"Não";"";"Muun";"0 0 0 0 1 1 0"
"8224";"16";"32";"Tiger";"Não";"Sim";"Não";"Não";"Não";"baú no cliente";"Não";"";"Muun";"0 0 0 0 1 1 0"
"8225";"16";"33";"Tiger(Evolved)";"Não";"Sim";"Não";"Não";"Não";"baú no cliente";"Não";"";"Muun";"0 0 0 0 1 1 0"
"8226";"16";"34";"Libra";"Não";"Sim";"Não";"Não";"Não";"baú no cliente";"Não";"";"Muun";"0 0 0 0 1 1 0"
"8227";"16";"35";"Libra (Evolved)";"Não";"Sim";"Não";"Não";"Não";"baú no cliente";"Não";"";"Muun";"0 0 0 0 1 1 0"
"8228";"16";"36";"Scorpio";"Não";"Sim";"Não";"Não";"Não";"baú no cliente";"Não";"";"Muun";"0 0 0 0 1 1 0"
"8229";"16";"37";"Scorpio (Evolved)";"Não";"Sim";"Não";"Não";"Não";"baú no cliente";"Não";"";"Muun";"0 0 0 0 1 1 0"
"8230";"16";"38";"Astro Rabbit";"Não";"Sim";"Não";"Não";"Não";"baú no cliente";"Não";"";"Muun";"0 0 0 0 1 1 0"
"8231";"16";"39";"Astro Rabbit (Evolved)";"Não";"Sim";"Não";"Não";"Não";"baú no cliente";"Não";"";"Muun";"0 0 0 0 1 1 0"
"8232";"16";"40";"Dotto";"Não";"Sim";"Não";"Não";"Não";"baú no cliente";"Não";"";"Muun";"0 0 0 0 1 1 0"
"8233";"16";"41";"Chef Chicken";"Não";"Sim";"Não";"Não";"Não";"baú no cliente";"Não";"";"Muun";"0 0 0 0 1 1 0"
"8234";"16";"42";"Chef Chicken (Evolved)";"Não";"Sim";"Não";"Não";"Não";"baú no cliente";"Não";"";"Muun";"0 0 0 0 1 1 0"
"8235";"16";"43";"Chicky";"Não";"Sim";"Não";"Não";"Não";"baú no cliente";"Não";"";"Muun";"0 0 0 0 1 1 0"
"8236";"16";"44";"Chicky (Evolved)";"Não";"Sim";"Não";"Não";"Não";"baú no cliente";"Não";"";"Muun";"0 0 0 0 1 1 0"
"8237";"16";"45";"Angry Rooster";"Não";"Sim";"Não";"Não";"Não";"baú no cliente";"Não";"";"Muun";"0 0 0 0 1 1 0"
"8238";"16";"46";"Angry Rooster (Evolved)";"Não";"Sim";"Não";"Não";"Não";"baú no cliente";"Não";"";"Muun";"0 0 0 0 1 1 0"
"8239";"16";"47";"Lion Mask";"Não";"Sim";"Não";"Não";"Não";"baú no cliente";"Não";"";"Muun";"0 0 0 0 1 1 0"
"8240";"16";"48";"Lion Mask (Evolved)";"Não";"Sim";"Não";"Não";"Não";"baú no cliente";"Não";"";"Muun";"0 0 0 0 1 1 0"
"8241";"16";"49";"Knight Instructor";"Não";"Sim";"Não";"Não";"Não";"baú no cliente";"Não";"";"Muun";"0 0 0 0 1 1 0"
"8242";"16";"50";"Knight Instructor (Evolved)";"Não";"Sim";"Não";"Não";"Não";"baú no cliente";"Não";"";"Muun";"0 0 0 0 1 1 0"
"8243";"16";"51";"Black Leopard";"Não";"Sim";"Não";"Não";"Não";"baú no cliente";"Não";"";"Muun";"0 0 0 0 1 1 0"
"8244";"16";"52";"Black Leopard (Evolved)";"Não";"Sim";"Não";"Não";"Não";"baú no cliente";"Não";"";"Muun";"0 0 0 0 1 1 0"
"8245";"16";"53";"Toy Robot";"Não";"Sim";"Não";"Não";"Não";"baú no cliente";"Não";"";"Muun";"0 0 0 0 1 1 0"
"8246";"16";"54";"Toy Robot (Evolved)";"Não";"Sim";"Não";"Não";"Não";"baú no cliente";"Não";"";"Muun";"0 0 0 0 1 1 0"
"8247";"16";"55";"Adventurous Cat";"Não";"Sim";"Não";"Não";"Não";"baú no cliente";"Não";"";"Muun";"0 0 0 0 1 1 0"
"8248";"16";"56";"Adventurous Cat (Evolved)";"Não";"Sim";"Não";"Não";"Não";"baú no cliente";"Não";"";"Muun";"0 0 0 0 1 1 0"
"8249";"16";"57";"Dike";"Não";"Sim";"Não";"Não";"Não";"baú no cliente";"Não";"";"Muun";"0 0 0 0 1 1 0"
"8250";"16";"58";"Dike (Evolved)";"Não";"Sim";"Não";"Não";"Não";"baú no cliente";"Não";"";"Muun";"0 0 0 0 1 1 0"
"8251";"16";"59";"Raincoat Girl";"Não";"Sim";"Não";"Não";"Não";"baú no cliente";"Não";"";"Muun";"0 0 0 0 1 1 0"
"8252";"16";"60";"Raincoat Girl (Evolved)";"Não";"Sim";"Não";"Não";"Não";"baú no cliente";"Não";"";"Muun";"0 0 0 0 1 1 0"
"8253";"16";"61";"Scarecrow";"Não";"Sim";"Não";"Não";"Não";"baú no cliente";"Não";"";"Muun";"0 0 0 0 1 1 0"
"8254";"16";"62";"Scarecrow (Evolved)";"Não";"Sim";"Não";"Não";"Não";"baú no cliente";"Não";"";"Muun";"0 0 0 0 1 1 0"
"8255";"16";"63";"Zombie Knight";"Não";"Sim";"Não";"Não";"Não";"baú no cliente";"Não";"";"Muun";"0 0 0 0 1 1 0"
"8256";"16";"64";"Zombie Knight (Evolved)";"Não";"Sim";"Não";"Não";"Não";"baú no cliente";"Não";"";"Muun";"0 0 0 0 1 1 0"
"8257";"16";"65";"Mr. Fisherman";"Não";"Sim";"Não";"Não";"Não";"baú no cliente";"Não";"";"Muun";"0 0 0 0 1 1 0"
"8258";"16";"66";"Mr. Fisherman (Evolved)";"Não";"Sim";"Não";"Não";"Não";"baú no cliente";"Não";"";"Muun";"0 0 0 0 1 1 0"
"8259";"16";"67";"Snowflake Fairy";"Não";"Sim";"Não";"Não";"Não";"baú no cliente";"Não";"";"Muun";"0 0 0 0 1 1 0"
"8260";"16";"68";"Snowflake Fairy (Evolved)";"Não";"Sim";"Não";"Não";"Não";"baú no cliente";"Não";"";"Muun";"0 0 0 0 1 1 0"
"8261";"16";"69";"Prince";"Não";"Sim";"Não";"Não";"Não";"baú no cliente";"Não";"";"Muun";"0 0 0 0 1 1 0"
"8262";"16";"70";"King Reksmilon";"Não";"Sim";"Não";"Não";"Não";"baú no cliente";"Não";"";"Muun";"0 0 0 0 1 1 0"
"8263";"16";"71";"Haughty Poodle";"Não";"Sim";"Não";"Não";"Não";"baú no cliente";"Não";"";"Muun";"0 0 0 0 1 1 0"
"8264";"16";"72";"Haughty Poodle (Evolved)";"Não";"Sim";"Não";"Não";"Não";"baú no cliente";"Não";"";"Muun";"0 0 0 0 1 1 0"
"8265";"16";"73";"Excited Beagle";"Não";"Sim";"Não";"Não";"Não";"baú no cliente";"Não";"";"Muun";"0 0 0 0 1 1 0"
"8266";"16";"74";"Excited Beagle (Evolved)";"Não";"Sim";"Não";"Não";"Não";"baú no cliente";"Não";"";"Muun";"0 0 0 0 1 1 0"
"8267";"16";"75";"Angry Bulldog";"Não";"Sim";"Não";"Não";"Não";"baú no cliente";"Não";"";"Muun";"0 0 0 0 1 1 0"
"8268";"16";"76";"Angry Bulldog (Evolved)";"Não";"Sim";"Não";"Não";"Não";"baú no cliente";"Não";"";"Muun";"0 0 0 0 1 1 0"
"8269";"16";"77";"Skiing Tiger";"Não";"Sim";"Não";"Não";"Não";"baú no cliente";"Não";"";"Muun";"0 0 0 0 1 1 0"
"8270";"16";"78";"Skiing Tiger (Evolved)";"Não";"Sim";"Não";"Não";"Não";"baú no cliente";"Não";"";"Muun";"0 0 0 0 1 1 0"
"8271";"16";"79";"Figure Skating Queen";"Não";"Sim";"Não";"Não";"Não";"baú no cliente";"Não";"";"Muun";"0 0 0 0 1 1 0"
"8272";"16";"80";"Figure Skating Queen (Evolved)";"Não";"Sim";"Não";"Não";"Não";"baú no cliente";"Não";"";"Muun";"0 0 0 0 1 1 0"
"8273";"16";"81";"Hockey Bear";"Não";"Sim";"Não";"Não";"Não";"baú no cliente";"Não";"";"Muun";"0 0 0 0 1 1 0"
"8274";"16";"82";"Hockey Bear (Evolved)";"Não";"Sim";"Não";"Não";"Não";"baú no cliente";"Não";"";"Muun";"0 0 0 0 1 1 0"
"8275";"16";"83";"Pilot";"Não";"Sim";"Não";"Não";"Não";"baú no cliente";"Não";"";"Muun";"0 0 0 0 1 1 0"
"8276";"16";"84";"Pilot (Evolved)";"Não";"Sim";"Não";"Não";"Não";"baú no cliente";"Não";"";"Muun";"0 0 0 0 1 1 0"
"8277";"16";"85";"Super Panda";"Não";"Sim";"Não";"Não";"Não";"baú no cliente";"Não";"";"Muun";"0 0 0 0 1 1 0"
"8278";"16";"86";"Super Panda (Evolved)";"Não";"Sim";"Não";"Não";"Não";"baú no cliente";"Não";"";"Muun";"0 0 0 0 1 1 0"
"8279";"16";"87";"Belly Dancer";"Não";"Sim";"Não";"Não";"Não";"baú no cliente";"Não";"";"Muun";"0 0 0 0 1 1 0"
"8280";"16";"88";"Belly Dancer (Evolved)";"Não";"Sim";"Não";"Não";"Não";"baú no cliente";"Não";"";"Muun";"0 0 0 0 1 1 0"
"8281";"16";"89";"Captain";"Não";"Sim";"Não";"Não";"Não";"baú no cliente";"Não";"";"Muun";"0 0 0 0 1 1 0"
"8282";"16";"90";"Captain (Evolved)";"Não";"Sim";"Não";"Não";"Não";"baú no cliente";"Não";"";"Muun";"0 0 0 0 1 1 0"
"8283";"16";"91";"Goalkeeper";"Não";"Sim";"Não";"Não";"Não";"baú no cliente";"Não";"";"Muun";"0 0 0 0 1 1 0"
"8284";"16";"92";"Goalkeeper (Evolved)";"Não";"Sim";"Não";"Não";"Não";"baú no cliente";"Não";"";"Muun";"0 0 0 0 1 1 0"
"8285";"16";"93";"Referee";"Não";"Sim";"Não";"Não";"Não";"baú no cliente";"Não";"";"Muun";"0 0 0 0 1 1 0"
"8286";"16";"94";"Referee (Evolved)";"Não";"Sim";"Não";"Não";"Não";"baú no cliente";"Não";"";"Muun";"0 0 0 0 1 1 0"
"8287";"16";"95";"Hooded T-rex";"Não";"Sim";"Não";"Não";"Não";"baú no cliente";"Não";"";"Muun";"0 0 0 0 1 1 0"
"8288";"16";"96";"Hooded T-rex (Evolved)";"Não";"Sim";"Não";"Não";"Não";"baú no cliente";"Não";"";"Muun";"0 0 0 0 1 1 0"
"8289";"16";"97";"Seaside Beauty";"Não";"Sim";"Não";"Não";"Não";"baú no cliente";"Não";"";"Muun";"0 0 0 0 1 1 0"
"8290";"16";"98";"Seaside Beauty (Evolved)";"Não";"Sim";"Não";"Não";"Não";"baú no cliente";"Não";"";"Muun";"0 0 0 0 1 1 0"
"8291";"16";"99";"Marble Magician";"Não";"Sim";"Não";"Não";"Não";"baú no cliente";"Não";"";"Muun";"0 0 0 0 1 1 0"
"8292";"16";"100";"Marble Magician (Evolved)";"Não";"Sim";"Não";"Não";"Não";"baú no cliente";"Não";"";"Muun";"0 0 0 0 1 1 0"
"8293";"16";"101";"King of Hangeul";"Não";"Sim";"Não";"Não";"Não";"baú no cliente";"Não";"";"Muun";"0 0 0 0 1 1 0"
"8294";"16";"102";"King of Hangeul (Evolved)";"Não";"Sim";"Não";"Não";"Não";"baú no cliente";"Não";"";"Muun";"0 0 0 0 1 1 0"
"8295";"16";"103";"Apple Magician";"Não";"Sim";"Não";"Não";"Não";"baú no cliente";"Não";"";"Muun";"0 0 0 0 1 1 0"
"8296";"16";"104";"Apple Magician (Evolved)";"Não";"Sim";"Não";"Não";"Não";"baú no cliente";"Não";"";"Muun";"0 0 0 0 1 1 0"
"8297";"16";"105";"Fish-shaped Bun";"Não";"Sim";"Não";"Não";"Não";"baú no cliente";"Não";"";"Muun";"0 0 0 0 1 1 0"
"8298";"16";"106";"Fish-shaped Bun (Evolved)";"Não";"Sim";"Não";"Não";"Não";"baú no cliente";"Não";"";"Muun";"0 0 0 0 1 1 0"
"8299";"16";"107";"Great Elf Kara";"Não";"Sim";"Não";"Não";"Não";"baú no cliente";"Não";"";"Muun";"0 0 0 0 1 1 0"
"8300";"16";"108";"Great Mage Etramu";"Não";"Sim";"Não";"Não";"Não";"baú no cliente";"Não";"";"Muun";"0 0 0 0 1 1 0"
"8301";"16";"109";"Bell";"Não";"Sim";"Não";"Não";"Não";"baú no cliente";"Não";"";"Muun";"0 0 0 0 1 1 0"
"8302";"16";"110";"Lafa";"Não";"Sim";"Não";"Não";"Não";"baú no cliente";"Não";"";"Muun";"0 0 0 0 1 1 0"
"8303";"16";"111";"Lafa (Evolved)";"Não";"Sim";"Não";"Não";"Não";"baú no cliente";"Não";"";"Muun";"0 0 0 0 1 1 0"
"8304";"16";"112";"Nyx";"Não";"Sim";"Não";"Não";"Não";"baú no cliente";"Não";"";"Muun";"0 0 0 0 1 1 0"
"8305";"16";"113";"Nyx (Evolved)";"Não";"Sim";"Não";"Não";"Não";"baú no cliente";"Não";"";"Muun";"0 0 0 0 1 1 0"
"8306";"16";"114";"Selupan";"Não";"Sim";"Não";"Não";"Não";"baú no cliente";"Não";"";"Muun";"0 0 0 0 1 1 0"
"8307";"16";"115";"Selupan (Evolved)";"Não";"Sim";"Não";"Não";"Não";"baú no cliente";"Não";"";"Muun";"0 0 0 0 1 1 0"
"8308";"16";"116";"Medusa";"Não";"Sim";"Não";"Não";"Não";"baú no cliente";"Não";"";"Muun";"0 0 0 0 1 1 0"
"8309";"16";"117";"Medusa (Evolved)";"Não";"Sim";"Não";"Não";"Não";"baú no cliente";"Não";"";"Muun";"0 0 0 0 1 1 0"
"8310";"16";"118";"Balrog";"Não";"Sim";"Não";"Não";"Não";"baú no cliente";"Não";"";"Muun";"0 0 0 0 1 1 0"
"8311";"16";"119";"Balrog (Evolved)";"Não";"Sim";"Não";"Não";"Não";"baú no cliente";"Não";"";"Muun";"0 0 0 0 1 1 0"
"8312";"16";"120";"Hell Maine";"Não";"Sim";"Não";"Não";"Não";"baú no cliente";"Não";"";"Muun";"0 0 0 0 1 1 0"
"8313";"16";"121";"Hell Maine (Evolved)";"Não";"Sim";"Não";"Não";"Não";"baú no cliente";"Não";"";"Muun";"0 0 0 0 1 1 0"
"8314";"16";"122";"Kundun";"Não";"Sim";"Não";"Não";"Não";"baú no cliente";"Não";"";"Muun";"0 0 0 0 1 1 0"
"8315";"16";"123";"Kundun (Evolved)";"Não";"Sim";"Não";"Não";"Não";"baú no cliente";"Não";"";"Muun";"0 0 0 0 1 1 0"
"8316";"16";"124";"Hydra";"Não";"Sim";"Não";"Não";"Não";"baú no cliente";"Não";"";"Muun";"0 0 0 0 1 1 0"
"8317";"16";"125";"Hydra (Evolved)";"Não";"Sim";"Não";"Não";"Não";"baú no cliente";"Não";"";"Muun";"0 0 0 0 1 1 0"
"8318";"16";"126";"Death Beam Knight";"Não";"Sim";"Não";"Não";"Não";"baú no cliente";"Não";"";"Muun";"0 0 0 0 1 1 0"
"8319";"16";"127";"Death Beam Knight (Evolved)";"Não";"Sim";"Não";"Não";"Não";"baú no cliente";"Não";"";"Muun";"0 0 0 0 1 1 0"
"8320";"16";"128";"Nightmare";"Não";"Sim";"Não";"Não";"Não";"baú no cliente";"Não";"";"Muun";"0 0 0 0 1 1 0"
"8321";"16";"129";"Nightmare (Evolved)";"Não";"Sim";"Não";"Não";"Não";"baú no cliente";"Não";"";"Muun";"0 0 0 0 1 1 0"
"8322";"16";"130";"Phoenix Of Darknes";"Não";"Sim";"Não";"Não";"Não";"baú no cliente";"Não";"";"Muun";"0 0 0 0 1 1 0"
"8323";"16";"131";"Phoenix Of Darknes (Evolved)";"Não";"Sim";"Não";"Não";"Não";"baú no cliente";"Não";"";"Muun";"0 0 0 0 1 1 0"
"8324";"16";"132";"Kairuku";"Não";"Sim";"Não";"Não";"Não";"baú no cliente";"Não";"";"Muun";"0 0 0 0 1 1 0"
"8325";"16";"133";"Kairuku (Evolved)";"Não";"Sim";"Não";"Não";"Não";"baú no cliente";"Não";"";"Muun";"0 0 0 0 1 1 0"
"8326";"16";"134";"Legendary Dark Wizard";"Não";"Sim";"Não";"Não";"Não";"baú no cliente";"Não";"";"Muun";"0 0 0 0 1 1 0"
"8327";"16";"135";"Guardian Elf";"Não";"Sim";"Não";"Não";"Não";"baú no cliente";"Não";"";"Muun";"0 0 0 0 1 1 0"
"8403";"16";"211";"Evolution Stone";"Não";"Sim";"Não";"Não";"Não";"baú no cliente";"Não";"";"Muun";"0 0 0 0 1 1 0"
"8404";"16";"212";"Luki";"Não";"Sim";"Não";"Não";"Não";"baú no cliente";"Não";"";"Muun";"0 0 0 0 1 1 0"
"8405";"16";"213";"Luki (Evolved)";"Não";"Sim";"Não";"Não";"Não";"baú no cliente";"Não";"";"Muun";"0 0 0 0 1 1 0"
"8406";"16";"214";"Tony";"Não";"Sim";"Não";"Não";"Não";"baú no cliente";"Não";"";"Muun";"0 0 0 0 1 1 0"
"8407";"16";"215";"Tony (Evolved)";"Não";"Sim";"Não";"Não";"Não";"baú no cliente";"Não";"";"Muun";"0 0 0 0 1 1 0"
"8408";"16";"216";"Nymph";"Não";"Sim";"Não";"Não";"Não";"baú no cliente";"Não";"";"Muun";"0 0 0 0 1 1 0"
"8409";"16";"217";"Nymph (Evolved)";"Não";"Sim";"Não";"Não";"Não";"baú no cliente";"Não";"";"Muun";"0 0 0 0 1 1 0"
"8410";"16";"218";"Safi";"Não";"Sim";"Não";"Não";"Não";"baú no cliente";"Não";"";"Muun";"0 0 0 0 1 1 0"
"8411";"16";"219";"Safi (Evolved)";"Não";"Sim";"Não";"Não";"Não";"baú no cliente";"Não";"";"Muun";"0 0 0 0 1 1 0"
"8415";"16";"223";"William";"Não";"Sim";"Não";"Não";"Não";"baú no cliente";"Não";"";"Muun";"0 0 0 0 1 1 0"
"8416";"16";"224";"William (Evolved)";"Não";"Sim";"Não";"Não";"Não";"baú no cliente";"Não";"";"Muun";"0 0 0 0 1 1 0"
"8417";"16";"225";"Paul";"Não";"Sim";"Não";"Não";"Não";"baú no cliente";"Não";"";"Muun";"0 0 0 0 1 1 0"
"8418";"16";"226";"Paul (Evolved)";"Não";"Sim";"Não";"Não";"Não";"baú no cliente";"Não";"";"Muun";"0 0 0 0 1 1 0"
"8419";"16";"227";"Chiron";"Não";"Sim";"Não";"Não";"Não";"baú no cliente";"Não";"";"Muun";"0 0 0 0 1 1 0"
"8420";"16";"228";"Chiron (Evolved)";"Não";"Sim";"Não";"Não";"Não";"baú no cliente";"Não";"";"Muun";"0 0 0 0 1 1 0"
"8421";"16";"229";"Wooparoo";"Não";"Sim";"Não";"Não";"Não";"baú no cliente";"Não";"";"Muun";"0 0 0 0 1 1 0"
"8422";"16";"230";"Wooparoo (Evolved)";"Não";"Sim";"Não";"Não";"Não";"baú no cliente";"Não";"";"Muun";"0 0 0 0 1 1 0"
"8423";"16";"231";"Tibetton";"Não";"Sim";"Não";"Não";"Não";"baú no cliente";"Não";"";"Muun";"0 0 0 0 1 1 0"
"8424";"16";"232";"Tibetton (Evolved)";"Não";"Sim";"Não";"Não";"Não";"baú no cliente";"Não";"";"Muun";"0 0 0 0 1 1 0"
"8425";"16";"233";"Witch";"Não";"Sim";"Não";"Não";"Não";"baú no cliente";"Não";"";"Muun";"0 0 0 0 1 1 0"
"8426";"16";"234";"Witch (Evolved)";"Não";"Sim";"Não";"Não";"Não";"baú no cliente";"Não";"";"Muun";"0 0 0 0 1 1 0"
"8427";"16";"235";"Skull";"Não";"Sim";"Não";"Não";"Não";"baú no cliente";"Não";"";"Muun";"0 0 0 0 1 1 0"
"8428";"16";"236";"Skull (Evolved)";"Não";"Sim";"Não";"Não";"Não";"baú no cliente";"Não";"";"Muun";"0 0 0 0 1 1 0"
"8429";"16";"237";"Pumpi";"Não";"Sim";"Não";"Não";"Não";"baú no cliente";"Não";"";"Muun";"0 0 0 0 1 1 0"
"8430";"16";"238";"Pumpi (Evolved)";"Não";"Sim";"Não";"Não";"Não";"baú no cliente";"Não";"";"Muun";"0 0 0 0 1 1 0"
"8431";"16";"239";"Muun Energy Converter";"Não";"Sim";"Não";"Não";"Não";"baú no cliente";"Não";"";"Muun";"0 0 0 0 1 1 0"
"8432";"16";"240";"Wizardry Stone";"Não";"Sim";"Não";"Não";"Não";"baú no cliente";"Não";"";"Muun";"0 0 0 0 1 1 0"
"8433";"16";"241";"Savath";"Não";"Sim";"Não";"Não";"Não";"baú no cliente";"Não";"";"Muun";"0 0 0 0 1 1 0"
"8434";"16";"242";"Savath (Evolved)";"Não";"Sim";"Não";"Não";"Não";"baú no cliente";"Não";"";"Muun";"0 0 0 0 1 1 0"
"8435";"16";"243";"Lycan";"Não";"Sim";"Não";"Não";"Não";"baú no cliente";"Não";"";"Muun";"0 0 0 0 1 1 0"
"8436";"16";"244";"Lycan (Evolved)";"Não";"Sim";"Não";"Não";"Não";"baú no cliente";"Não";"";"Muun";"0 0 0 0 1 1 0"
"8437";"16";"245";"Toby";"Não";"Sim";"Não";"Não";"Não";"baú no cliente";"Não";"";"Muun";"0 0 0 0 1 1 0"
"8438";"16";"246";"Toby (Evolved)";"Não";"Sim";"Não";"Não";"Não";"baú no cliente";"Não";"";"Muun";"0 0 0 0 1 1 0"
"8444";"16";"252";"Seiren";"Não";"Sim";"Não";"Não";"Não";"baú no cliente";"Não";"";"Muun";"0 0 0 0 1 1 0"
"8445";"16";"253";"Seiren (Evolved)";"Não";"Sim";"Não";"Não";"Não";"baú no cliente";"Não";"";"Muun";"0 0 0 0 1 1 0"
"8446";"16";"254";"Behemoth";"Não";"Sim";"Não";"Não";"Não";"baú no cliente";"Não";"";"Muun";"0 0 0 0 1 1 0"
"8447";"16";"255";"Behemoth (Evolved)";"Não";"Sim";"Não";"Não";"Não";"baú no cliente";"Não";"";"Muun";"0 0 0 0 1 1 0"
"8448";"16";"256";"Loggle";"Não";"Sim";"Não";"Não";"Não";"baú no cliente";"Não";"";"Muun";"0 0 0 0 1 1 0"
"8449";"16";"257";"Loggle (Evolved)";"Não";"Sim";"Não";"Não";"Não";"baú no cliente";"Não";"";"Muun";"0 0 0 0 1 1 0"
"8450";"16";"258";"Mino";"Não";"Sim";"Não";"Não";"Não";"baú no cliente";"Não";"";"Muun";"0 0 0 0 1 1 0"
"8451";"16";"259";"Mino (Evolved)";"Não";"Sim";"Não";"Não";"Não";"baú no cliente";"Não";"";"Muun";"0 0 0 0 1 1 0"
"8452";"16";"260";"Hound";"Não";"Sim";"Não";"Não";"Não";"baú no cliente";"Não";"";"Muun";"0 0 0 0 1 1 0"
"8453";"16";"261";"Hound (Evolved)";"Não";"Sim";"Não";"Não";"Não";"baú no cliente";"Não";"";"Muun";"0 0 0 0 1 1 0"
"8454";"16";"262";"Trive";"Não";"Sim";"Não";"Não";"Não";"baú no cliente";"Não";"";"Muun";"0 0 0 0 1 1 0"
"8455";"16";"263";"Trive (Evolved)";"Não";"Sim";"Não";"Não";"Não";"baú no cliente";"Não";"";"Muun";"0 0 0 0 1 1 0"
"8456";"16";"264";"Vogan";"Não";"Sim";"Não";"Não";"Não";"baú no cliente";"Não";"";"Muun";"0 0 0 0 1 1 0"
"8457";"16";"265";"Vogan (Evolved)";"Não";"Sim";"Não";"Não";"Não";"baú no cliente";"Não";"";"Muun";"0 0 0 0 1 1 0"
"8458";"16";"266";"Cyclop";"Não";"Sim";"Não";"Não";"Não";"baú no cliente";"Não";"";"Muun";"0 0 0 0 1 1 0"
"8459";"16";"267";"Cyclop (Evolved)";"Não";"Sim";"Não";"Não";"Não";"baú no cliente";"Não";"";"Muun";"0 0 0 0 1 1 0"
"8462";"16";"270";"Bonf";"Não";"Sim";"Não";"Não";"Não";"baú no cliente";"Não";"";"Muun";"0 0 0 0 1 1 0"
"8463";"16";"271";"Bonf (Evolved)";"Não";"Sim";"Não";"Não";"Não";"baú no cliente";"Não";"";"Muun";"0 0 0 0 1 1 0"
"8464";"16";"272";"Hawk";"Não";"Sim";"Não";"Não";"Não";"baú no cliente";"Não";"";"Muun";"0 0 0 0 1 1 0"
"8465";"16";"273";"Hawk (Evolved)";"Não";"Sim";"Não";"Não";"Não";"baú no cliente";"Não";"";"Muun";"0 0 0 0 1 1 0"
"8466";"16";"274";"Muty";"Não";"Sim";"Não";"Não";"Não";"baú no cliente";"Não";"";"Muun";"0 0 0 0 1 1 0"
"8467";"16";"275";"Muty (Evolved)";"Não";"Sim";"Não";"Não";"Não";"baú no cliente";"Não";"";"Muun";"0 0 0 0 1 1 0"
"8470";"16";"278";"Mantis";"Não";"Sim";"Não";"Não";"Não";"baú no cliente";"Não";"";"Muun";"0 0 0 0 1 1 0"
"8471";"16";"279";"Mantis (Evolved)";"Não";"Sim";"Não";"Não";"Não";"baú no cliente";"Não";"";"Muun";"0 0 0 0 1 1 0"
"8472";"16";"280";"Scolpi";"Não";"Sim";"Não";"Não";"Não";"baú no cliente";"Não";"";"Muun";"0 0 0 0 1 1 0"
"8473";"16";"281";"Scolpi (Evolved)";"Não";"Sim";"Não";"Não";"Não";"baú no cliente";"Não";"";"Muun";"0 0 0 0 1 1 0"
"8474";"16";"282";"Chafer";"Não";"Sim";"Não";"Não";"Não";"baú no cliente";"Não";"";"Muun";"0 0 0 0 1 1 0"
"8475";"16";"283";"Chafer (Evolved)";"Não";"Sim";"Não";"Não";"Não";"baú no cliente";"Não";"";"Muun";"0 0 0 0 1 1 0"
"8476";"16";"284";"Shogun";"Não";"Sim";"Não";"Não";"Não";"baú no cliente";"Não";"";"Muun";"0 0 0 0 1 1 0"
"8477";"16";"285";"Shogun (Evolved)";"Não";"Sim";"Não";"Não";"Não";"baú no cliente";"Não";"";"Muun";"0 0 0 0 1 1 0"
"8478";"16";"286";"Ninja";"Não";"Sim";"Não";"Não";"Não";"baú no cliente";"Não";"";"Muun";"0 0 0 0 1 1 0"
"8479";"16";"287";"Ninja (Evolved)";"Não";"Sim";"Não";"Não";"Não";"baú no cliente";"Não";"";"Muun";"0 0 0 0 1 1 0"
"8480";"16";"288";"Samurai";"Não";"Sim";"Não";"Não";"Não";"baú no cliente";"Não";"";"Muun";"0 0 0 0 1 1 0"
"8481";"16";"289";"Samurai (Evolved)";"Não";"Sim";"Não";"Não";"Não";"baú no cliente";"Não";"";"Muun";"0 0 0 0 1 1 0"
"8482";"16";"290";"Cos Girl";"Não";"Sim";"Não";"Não";"Não";"baú no cliente";"Não";"";"Muun";"0 0 0 0 1 1 0"
"8483";"16";"291";"Cos Girl (Evolved)";"Não";"Sim";"Não";"Não";"Não";"baú no cliente";"Não";"";"Muun";"0 0 0 0 1 1 0"
"8484";"16";"292";"Cheer Girl";"Não";"Sim";"Não";"Não";"Não";"baú no cliente";"Não";"";"Muun";"0 0 0 0 1 1 0"
"8485";"16";"293";"Cheer Girl (Evolved)";"Não";"Sim";"Não";"Não";"Não";"baú no cliente";"Não";"";"Muun";"0 0 0 0 1 1 0"
"8486";"16";"294";"Sporty Girl";"Não";"Sim";"Não";"Não";"Não";"baú no cliente";"Não";"";"Muun";"0 0 0 0 1 1 0"
"8487";"16";"295";"Sporty Girl (Evolved)";"Não";"Sim";"Não";"Não";"Não";"baú no cliente";"Não";"";"Muun";"0 0 0 0 1 1 0"
"8488";"16";"296";"Bael";"Não";"Sim";"Não";"Não";"Não";"baú no cliente";"Não";"";"Muun";"0 0 0 0 1 1 0"
"8489";"16";"297";"Bael (Evolved)";"Não";"Sim";"Não";"Não";"Não";"baú no cliente";"Não";"";"Muun";"0 0 0 0 1 1 0"
"8490";"16";"298";"Gapp";"Não";"Sim";"Não";"Não";"Não";"baú no cliente";"Não";"";"Muun";"0 0 0 0 1 1 0"
"8491";"16";"299";"Gapp (Evolved)";"Não";"Sim";"Não";"Não";"Não";"baú no cliente";"Não";"";"Muun";"0 0 0 0 1 1 0"
"8492";"16";"300";"Taaf";"Não";"Sim";"Não";"Não";"Não";"baú no cliente";"Não";"";"Muun";"0 0 0 0 1 1 0"
"8493";"16";"301";"Taaf (Evolved)";"Não";"Sim";"Não";"Não";"Não";"baú no cliente";"Não";"";"Muun";"0 0 0 0 1 1 0"
"8494";"16";"302";"Frozen";"Não";"Sim";"Não";"Não";"Não";"baú no cliente";"Não";"";"Muun";"0 0 0 0 1 1 0"
"8495";"16";"303";"Frozen (Evolved)";"Não";"Sim";"Não";"Não";"Não";"baú no cliente";"Não";"";"Muun";"0 0 0 0 1 1 0"
"8496";"16";"304";"Lure";"Não";"Sim";"Não";"Não";"Não";"baú no cliente";"Não";"";"Muun";"0 0 0 0 1 1 0"
"8497";"16";"305";"Lure (Evolved)";"Não";"Sim";"Não";"Não";"Não";"baú no cliente";"Não";"";"Muun";"0 0 0 0 1 1 0"
"8498";"16";"306";"Fur Seal";"Não";"Sim";"Não";"Não";"Não";"baú no cliente";"Não";"";"Muun";"0 0 0 0 1 1 0"
"8499";"16";"307";"Fur Seal (Evolved)";"Não";"Sim";"Não";"Não";"Não";"baú no cliente";"Não";"";"Muun";"0 0 0 0 1 1 0"
"8500";"16";"308";"Lucky Rabbit";"Não";"Sim";"Não";"Não";"Não";"baú no cliente";"Não";"";"Muun";"0 0 0 0 1 1 0"
"8501";"16";"309";"Lucky Rabbit (Evolved)";"Não";"Sim";"Não";"Não";"Não";"baú no cliente";"Não";"";"Muun";"0 0 0 0 1 1 0"
"8502";"16";"310";"Mooncake Rabbit";"Não";"Sim";"Não";"Não";"Não";"baú no cliente";"Não";"";"Muun";"0 0 0 0 1 1 0"
"8503";"16";"311";"Mooncake Rabbit (Evolved)";"Não";"Sim";"Não";"Não";"Não";"baú no cliente";"Não";"";"Muun";"0 0 0 0 1 1 0"
"8504";"16";"312";"Mortar Rabbit";"Não";"Sim";"Não";"Não";"Não";"baú no cliente";"Não";"";"Muun";"0 0 0 0 1 1 0"
"8505";"16";"313";"Mortar Rabbit (Evolved)";"Não";"Sim";"Não";"Não";"Não";"baú no cliente";"Não";"";"Muun";"0 0 0 0 1 1 0"
"8506";"16";"314";"Tarius";"Não";"Sim";"Não";"Não";"Não";"baú no cliente";"Não";"";"Muun";"0 0 0 0 1 1 0"
"8507";"16";"315";"Tarius (Evolved)";"Não";"Sim";"Não";"Não";"Não";"baú no cliente";"Não";"";"Muun";"0 0 0 0 1 1 0"
"8508";"16";"316";"Reyner";"Não";"Sim";"Não";"Não";"Não";"baú no cliente";"Não";"";"Muun";"0 0 0 0 1 1 0"
"8509";"16";"317";"Reyner (Evolved)";"Não";"Sim";"Não";"Não";"Não";"baú no cliente";"Não";"";"Muun";"0 0 0 0 1 1 0"
"8510";"16";"318";"Alcamo";"Não";"Sim";"Não";"Não";"Não";"baú no cliente";"Não";"";"Muun";"0 0 0 0 1 1 0"
"8511";"16";"319";"Alcamo (Evolved)";"Não";"Sim";"Não";"Não";"Não";"baú no cliente";"Não";"";"Muun";"0 0 0 0 1 1 0"
"8512";"16";"320";"Gracchus";"Não";"Sim";"Não";"Não";"Não";"baú no cliente";"Não";"";"Muun";"0 0 0 0 1 1 0"
"8513";"16";"321";"Gracchus (Evolved)";"Não";"Sim";"Não";"Não";"Não";"baú no cliente";"Não";"";"Muun";"0 0 0 0 1 1 0"
"8514";"16";"322";"Kenturion";"Não";"Sim";"Não";"Não";"Não";"baú no cliente";"Não";"";"Muun";"0 0 0 0 1 1 0"
"8515";"16";"323";"Kenturion (Evolved)";"Não";"Sim";"Não";"Não";"Não";"baú no cliente";"Não";"";"Muun";"0 0 0 0 1 1 0"
"8516";"16";"324";"Rocka";"Não";"Sim";"Não";"Não";"Não";"baú no cliente";"Não";"";"Muun";"0 0 0 0 1 1 0"
"8517";"16";"325";"Rocka (Evolved)";"Não";"Sim";"Não";"Não";"Não";"baú no cliente";"Não";"";"Muun";"0 0 0 0 1 1 0"
"8518";"16";"326";"Repen";"Não";"Sim";"Não";"Não";"Não";"baú no cliente";"Não";"";"Muun";"0 0 0 0 1 1 0"
"8519";"16";"327";"Repen (Evolved)";"Não";"Sim";"Não";"Não";"Não";"baú no cliente";"Não";"";"Muun";"0 0 0 0 1 1 0"
"8520";"16";"328";"Pon";"Não";"Sim";"Não";"Não";"Não";"baú no cliente";"Não";"";"Muun";"0 0 0 0 1 1 0"
"8521";"16";"329";"Pon (Evolved)";"Não";"Sim";"Não";"Não";"Não";"baú no cliente";"Não";"";"Muun";"0 0 0 0 1 1 0"
"8522";"16";"330";"Griffs";"Não";"Sim";"Não";"Não";"Não";"baú no cliente";"Não";"";"Muun";"0 0 0 0 1 1 0"
"8523";"16";"331";"Griffs (Evolved)";"Não";"Sim";"Não";"Não";"Não";"baú no cliente";"Não";"";"Muun";"0 0 0 0 1 1 0"
"8524";"16";"332";"Polar Bear";"Não";"Sim";"Não";"Não";"Não";"baú no cliente";"Não";"";"Muun";"0 0 0 0 1 1 0"
"8525";"16";"333";"Polar Bear (Evolved)";"Não";"Sim";"Não";"Não";"Não";"baú no cliente";"Não";"";"Muun";"0 0 0 0 1 1 0"
"8526";"16";"334";"Present";"Não";"Sim";"Não";"Não";"Não";"baú no cliente";"Não";"";"Muun";"0 0 0 0 1 1 0"
"8527";"16";"335";"Present (Evolved)";"Não";"Sim";"Não";"Não";"Não";"baú no cliente";"Não";"";"Muun";"0 0 0 0 1 1 0"
"8528";"16";"336";"Rocking Horse";"Não";"Sim";"Não";"Não";"Não";"baú no cliente";"Não";"";"Muun";"0 0 0 0 1 1 0"
"8529";"16";"337";"Rocking Horse (Evolved)";"Não";"Sim";"Não";"Não";"Não";"baú no cliente";"Não";"";"Muun";"0 0 0 0 1 1 0"
"8530";"16";"338";"Orris";"Não";"Sim";"Não";"Não";"Não";"baú no cliente";"Não";"";"Muun";"0 0 0 0 1 1 0"
"8531";"16";"339";"Orris (Evolved)";"Não";"Sim";"Não";"Não";"Não";"baú no cliente";"Não";"";"Muun";"0 0 0 0 1 1 0"
"8532";"16";"340";"Leicester";"Não";"Sim";"Não";"Não";"Não";"baú no cliente";"Não";"";"Muun";"0 0 0 0 1 1 0"
"8533";"16";"341";"Leicester (Evolved)";"Não";"Sim";"Não";"Não";"Não";"baú no cliente";"Não";"";"Muun";"0 0 0 0 1 1 0"
"8534";"16";"342";"Merino";"Não";"Sim";"Não";"Não";"Não";"baú no cliente";"Não";"";"Muun";"0 0 0 0 1 1 0"
"8535";"16";"343";"Merino (Evolved)";"Não";"Sim";"Não";"Não";"Não";"baú no cliente";"Não";"";"Muun";"0 0 0 0 1 1 0"
"8536";"16";"344";"Splinter";"Não";"Sim";"Não";"Não";"Não";"baú no cliente";"Não";"";"Muun";"0 0 0 0 1 1 0"
"8537";"16";"345";"Splinter (Evolved)";"Não";"Sim";"Não";"Não";"Não";"baú no cliente";"Não";"";"Muun";"0 0 0 0 1 1 0"
"8538";"16";"346";"Mutation";"Não";"Sim";"Não";"Não";"Não";"baú no cliente";"Não";"";"Muun";"0 0 0 0 1 1 0"
"8539";"16";"347";"Mutation (Evolved)";"Não";"Sim";"Não";"Não";"Não";"baú no cliente";"Não";"";"Muun";"0 0 0 0 1 1 0"
"8540";"16";"348";"Fighter";"Não";"Sim";"Não";"Não";"Não";"baú no cliente";"Não";"";"Muun";"0 0 0 0 1 1 0"
"8541";"16";"349";"Fighter (Evolved)";"Não";"Sim";"Não";"Não";"Não";"baú no cliente";"Não";"";"Muun";"0 0 0 0 1 1 0"
"8601";"16";"409";"Heywood";"Não";"Sim";"Não";"Não";"Não";"baú no cliente";"Não";"";"Muun";"0 0 0 0 1 1 0"
"8602";"16";"410";"Heywood (Evolved)";"Não";"Sim";"Não";"Não";"Não";"baú no cliente";"Não";"";"Muun";"0 0 0 0 1 1 0"
"8603";"16";"411";"Branch";"Não";"Sim";"Não";"Não";"Não";"baú no cliente";"Não";"";"Muun";"0 0 0 0 1 1 0"
"8604";"16";"412";"Branch (Evolved)";"Não";"Sim";"Não";"Não";"Não";"baú no cliente";"Não";"";"Muun";"0 0 0 0 1 1 0"
"8605";"16";"413";"Hook";"Não";"Sim";"Não";"Não";"Não";"baú no cliente";"Não";"";"Muun";"0 0 0 0 1 1 0"
"8606";"16";"414";"Hook (Evolved)";"Não";"Sim";"Não";"Não";"Não";"baú no cliente";"Não";"";"Muun";"0 0 0 0 1 1 0"
"8607";"16";"415";"Carnifle";"Não";"Sim";"Não";"Não";"Não";"baú no cliente";"Não";"";"Muun";"0 0 0 0 1 1 0"
"8608";"16";"416";"Carnifle (Evolved)";"Não";"Sim";"Não";"Não";"Não";"baú no cliente";"Não";"";"Muun";"0 0 0 0 1 1 0"
"8609";"16";"417";"Mandora";"Não";"Sim";"Não";"Não";"Não";"baú no cliente";"Não";"";"Muun";"0 0 0 0 1 1 0"
"8610";"16";"418";"Mandora (Evolved)";"Não";"Sim";"Não";"Não";"Não";"baú no cliente";"Não";"";"Muun";"0 0 0 0 1 1 0"
"8611";"16";"419";"Treat";"Não";"Sim";"Não";"Não";"Não";"baú no cliente";"Não";"";"Muun";"0 0 0 0 1 1 0"
"8612";"16";"420";"Treat (Evolved)";"Não";"Sim";"Não";"Não";"Não";"baú no cliente";"Não";"";"Muun";"0 0 0 0 1 1 0"
"8613";"16";"421";"Rose Spirit";"Não";"Sim";"Não";"Não";"Não";"baú no cliente";"Não";"";"Muun";"0 0 0 0 1 1 0"
"8614";"16";"422";"Rose Spirit (Evolved)";"Não";"Sim";"Não";"Não";"Não";"baú no cliente";"Não";"";"Muun";"0 0 0 0 1 1 0"
"8615";"16";"423";"Freesia Spirit";"Não";"Sim";"Não";"Não";"Não";"baú no cliente";"Não";"";"Muun";"0 0 0 0 1 1 0"
"8616";"16";"424";"Freesia Spirit (Evolved)";"Não";"Sim";"Não";"Não";"Não";"baú no cliente";"Não";"";"Muun";"0 0 0 0 1 1 0"
"8617";"16";"425";"Cherry Blossom Spirit";"Não";"Sim";"Não";"Não";"Não";"baú no cliente";"Não";"";"Muun";"0 0 0 0 1 1 0"
"8618";"16";"426";"Cherry Blossom Spirit (Evolved)";"Não";"Sim";"Não";"Não";"Não";"baú no cliente";"Não";"";"Muun";"0 0 0 0 1 1 0"
"8619";"16";"427";"Gigantes";"Não";"Sim";"Não";"Não";"Não";"baú no cliente";"Não";"";"Muun";"0 0 0 0 1 1 0"
"8620";"16";"428";"Gigantes (Evolved)";"Não";"Sim";"Não";"Não";"Não";"baú no cliente";"Não";"";"Muun";"0 0 0 0 1 1 0"
"8621";"16";"429";"Mammoth";"Não";"Sim";"Não";"Não";"Não";"baú no cliente";"Não";"";"Muun";"0 0 0 0 1 1 0"
"8622";"16";"430";"Mammoth (Evolved)";"Não";"Sim";"Não";"Não";"Não";"baú no cliente";"Não";"";"Muun";"0 0 0 0 1 1 0"
"8623";"16";"431";"Walker";"Não";"Sim";"Não";"Não";"Não";"baú no cliente";"Não";"";"Muun";"0 0 0 0 1 1 0"
"8624";"16";"432";"Walker (Evolved)";"Não";"Sim";"Não";"Não";"Não";"baú no cliente";"Não";"";"Muun";"0 0 0 0 1 1 0"
"8625";"16";"433";"Surfing Girl";"Não";"Sim";"Não";"Não";"Não";"baú no cliente";"Não";"";"Muun";"0 0 0 0 1 1 0"
"8626";"16";"434";"Surfing Girl (Evolved)";"Não";"Sim";"Não";"Não";"Não";"baú no cliente";"Não";"";"Muun";"0 0 0 0 1 1 0"
"8627";"16";"435";"Swim Tube Girl";"Não";"Sim";"Não";"Não";"Não";"baú no cliente";"Não";"";"Muun";"0 0 0 0 1 1 0"
"8628";"16";"436";"Swim Tube Girl (Evolved)";"Não";"Sim";"Não";"Não";"Não";"baú no cliente";"Não";"";"Muun";"0 0 0 0 1 1 0"
"8629";"16";"437";"Snorkeling Girl";"Não";"Sim";"Não";"Não";"Não";"baú no cliente";"Não";"";"Muun";"0 0 0 0 1 1 0"
"8630";"16";"438";"Snorkeling Girl (Evolved)";"Não";"Sim";"Não";"Não";"Não";"baú no cliente";"Não";"";"Muun";"0 0 0 0 1 1 0"
"8631";"16";"439";"Commander";"Não";"Sim";"Não";"Não";"Não";"baú no cliente";"Não";"";"Muun";"0 0 0 0 1 1 0"
"8632";"16";"440";"Commander (Evolved)";"Não";"Sim";"Não";"Não";"Não";"baú no cliente";"Não";"";"Muun";"0 0 0 0 1 1 0"
"8633";"16";"441";"Lance Soldier";"Não";"Sim";"Não";"Não";"Não";"baú no cliente";"Não";"";"Muun";"0 0 0 0 1 1 0"
"8634";"16";"442";"Lance Soldier (Evolved)";"Não";"Sim";"Não";"Não";"Não";"baú no cliente";"Não";"";"Muun";"0 0 0 0 1 1 0"
"8635";"16";"443";"Bow Soldier";"Não";"Sim";"Não";"Não";"Não";"baú no cliente";"Não";"";"Muun";"0 0 0 0 1 1 0"
"8636";"16";"444";"Bow Soldier (Evolved)";"Não";"Sim";"Não";"Não";"Não";"baú no cliente";"Não";"";"Muun";"0 0 0 0 1 1 0"
"8637";"16";"445";"Hammer";"Não";"Sim";"Não";"Não";"Não";"baú no cliente";"Não";"";"Muun";"0 0 0 0 1 1 0"
"8638";"16";"446";"Hammer (Evolved)";"Não";"Sim";"Não";"Não";"Não";"baú no cliente";"Não";"";"Muun";"0 0 0 0 1 1 0"
"8639";"16";"447";"Ripieo";"Não";"Sim";"Não";"Não";"Não";"baú no cliente";"Não";"";"Muun";"0 0 0 0 1 1 0"
"8640";"16";"448";"Ripieo (Evolved)";"Não";"Sim";"Não";"Não";"Não";"baú no cliente";"Não";"";"Muun";"0 0 0 0 1 1 0"
"8641";"16";"449";"Axer";"Não";"Sim";"Não";"Não";"Não";"baú no cliente";"Não";"";"Muun";"0 0 0 0 1 1 0"
"8642";"16";"450";"Axer (Evolved)";"Não";"Sim";"Não";"Não";"Não";"baú no cliente";"Não";"";"Muun";"0 0 0 0 1 1 0"
"8643";"16";"451";"Pumpkin Girl";"Não";"Sim";"Não";"Não";"Não";"baú no cliente";"Não";"";"Muun";"0 0 0 0 1 1 0"
"8644";"16";"452";"Pumpkin Girl (Evolved)";"Não";"Sim";"Não";"Não";"Não";"baú no cliente";"Não";"";"Muun";"0 0 0 0 1 1 0"
"8645";"16";"453";"Ghost";"Não";"Sim";"Não";"Não";"Não";"baú no cliente";"Não";"";"Muun";"0 0 0 0 1 1 0"
"8646";"16";"454";"Ghost (Evolved)";"Não";"Sim";"Não";"Não";"Não";"baú no cliente";"Não";"";"Muun";"0 0 0 0 1 1 0"
"8647";"16";"455";"Mummy Boy";"Não";"Sim";"Não";"Não";"Não";"baú no cliente";"Não";"";"Muun";"0 0 0 0 1 1 0"
"8648";"16";"456";"Mummy Boy (Evolved)";"Não";"Sim";"Não";"Não";"Não";"baú no cliente";"Não";"";"Muun";"0 0 0 0 1 1 0"
"8649";"16";"457";"Chrysanthemum";"Não";"Sim";"Não";"Não";"Não";"baú no cliente";"Não";"";"Muun";"0 0 0 0 1 1 0"
"8650";"16";"458";"Chrysanthemum (Evolved)";"Não";"Sim";"Não";"Não";"Não";"baú no cliente";"Não";"";"Muun";"0 0 0 0 1 1 0"
"8651";"16";"459";"Maple";"Não";"Sim";"Não";"Não";"Não";"baú no cliente";"Não";"";"Muun";"0 0 0 0 1 1 0"
"8652";"16";"460";"Maple (Evolved)";"Não";"Sim";"Não";"Não";"Não";"baú no cliente";"Não";"";"Muun";"0 0 0 0 1 1 0"
"8653";"16";"461";"Ginkgo";"Não";"Sim";"Não";"Não";"Não";"baú no cliente";"Não";"";"Muun";"0 0 0 0 1 1 0"
"8654";"16";"462";"Ginkgo (Evolved)";"Não";"Sim";"Não";"Não";"Não";"baú no cliente";"Não";"";"Muun";"0 0 0 0 1 1 0"
"8655";"16";"463";"Ghost (Evolved)";"Não";"Sim";"Não";"Não";"Não";"baú no cliente";"Não";"";"Muun";"0 0 0 0 1 1 0"
"8656";"16";"464";"Mummy Boy (Evolved)";"Não";"Sim";"Não";"Não";"Não";"baú no cliente";"Não";"";"Muun";"0 0 0 0 1 1 0"
"8672";"16";"480";"Toy Soldier";"Não";"Sim";"Não";"Não";"Não";"baú no cliente";"Não";"";"Muun";"0 0 0 0 1 1 0"
"8673";"16";"481";"Toy Soldier (Evolved)";"Não";"Sim";"Não";"Não";"Não";"baú no cliente";"Não";"";"Muun";"0 0 0 0 1 1 0"
"8674";"16";"482";"Christmas Tree";"Não";"Sim";"Não";"Não";"Não";"baú no cliente";"Não";"";"Muun";"0 0 0 0 1 1 0"
"8675";"16";"483";"Christmas Tree (Evolved)";"Não";"Sim";"Não";"Não";"Não";"baú no cliente";"Não";"";"Muun";"0 0 0 0 1 1 0"
"8676";"16";"484";"Snowman";"Não";"Sim";"Não";"Não";"Não";"baú no cliente";"Não";"";"Muun";"0 0 0 0 1 1 0"
"8677";"16";"485";"Snowman (Evolved)";"Não";"Sim";"Não";"Não";"Não";"baú no cliente";"Não";"";"Muun";"0 0 0 0 1 1 0"
"8678";"16";"486";"Busker Monkey";"Não";"Sim";"Não";"Não";"Não";"baú no cliente";"Não";"";"Muun";"0 0 0 0 1 1 0"
"8679";"16";"487";"Busker Monkey (Evolved)";"Não";"Sim";"Não";"Não";"Não";"baú no cliente";"Não";"";"Muun";"0 0 0 0 1 1 0"
"8680";"16";"488";"DJ Monkey";"Não";"Sim";"Não";"Não";"Não";"baú no cliente";"Não";"";"Muun";"0 0 0 0 1 1 0"
"8681";"16";"489";"DJ Monkey (Evolved)";"Não";"Sim";"Não";"Não";"Não";"baú no cliente";"Não";"";"Muun";"0 0 0 0 1 1 0"
"8682";"16";"490";"Space Monkey";"Não";"Sim";"Não";"Não";"Não";"baú no cliente";"Não";"";"Muun";"0 0 0 0 1 1 0"
"8683";"16";"491";"Space Monkey (Evolved)";"Não";"Sim";"Não";"Não";"Não";"baú no cliente";"Não";"";"Muun";"0 0 0 0 1 1 0"
"8684";"16";"492";"Little Cupid";"Não";"Sim";"Não";"Não";"Não";"baú no cliente";"Não";"";"Muun";"0 0 0 0 1 1 0"
"8685";"16";"493";"Little Cupid (Evolved)";"Não";"Sim";"Não";"Não";"Não";"baú no cliente";"Não";"";"Muun";"0 0 0 0 1 1 0"
"8686";"16";"494";"Chocolate Cookie";"Não";"Sim";"Não";"Não";"Não";"baú no cliente";"Não";"";"Muun";"0 0 0 0 1 1 0"
"8687";"16";"495";"Chocolate Cookie (Evolved)";"Não";"Sim";"Não";"Não";"Não";"baú no cliente";"Não";"";"Muun";"0 0 0 0 1 1 0"
"8688";"16";"496";"Heart Girl";"Não";"Sim";"Não";"Não";"Não";"baú no cliente";"Não";"";"Muun";"0 0 0 0 1 1 0"
"8689";"16";"497";"Heart Girl (Evolved)";"Não";"Sim";"Não";"Não";"Não";"baú no cliente";"Não";"";"Muun";"0 0 0 0 1 1 0"
"8690";"16";"498";"Candy Girl";"Não";"Sim";"Não";"Não";"Não";"baú no cliente";"Não";"";"Muun";"0 0 0 0 1 1 0"
"8691";"16";"499";"Candy Girl (Evolved)";"Não";"Sim";"Não";"Não";"Não";"baú no cliente";"Não";"";"Muun";"0 0 0 0 1 1 0"
"8692";"16";"500";"Lollipop Mama";"Não";"Sim";"Não";"Não";"Não";"baú no cliente";"Não";"";"Muun";"0 0 0 0 1 1 0"
"8693";"16";"501";"Lollipop Mama (Evolved)";"Não";"Sim";"Não";"Não";"Não";"baú no cliente";"Não";"";"Muun";"0 0 0 0 1 1 0"
"8694";"16";"502";"Sweet Muscle Man";"Não";"Sim";"Não";"Não";"Não";"baú no cliente";"Não";"";"Muun";"0 0 0 0 1 1 0"
"8695";"16";"503";"Sweet Muscle Man (Evolved)";"Não";"Sim";"Não";"Não";"Não";"baú no cliente";"Não";"";"Muun";"0 0 0 0 1 1 0"
